Player Name,Position,NHL Team,Fantasy Points,Current Team,Current Owner,Drafted Team,Drafted By,Draft Round,Draft Pick,ADP,Pct Drafted,Goals,Assists,Points,PIM,SOG,Hits,Blocks,Games Played,Wins,Saves,Save %,GA,Shutouts,Pct Owned
Connor McDavid,C,EDM,367.5,Mitchell's Team,Mitchell,Mitchell's Team,Mitchell,1,1,1.4,1.0,,,,,,,,,,,,,,100.0
Auston Matthews,C,TOR,313.9,DubJ,John,DubJ,John,1,6,6.5,1.0,,,,,,,,,,,,,,100.0
Leon Draisaitl,"C,LW",EDM,301.3,Double Ogre Time,Jesse,Double Ogre Time,Jesse,1,4,3.3,1.0,,,,,,,,,,,,,,100.0
Brady Tkachuk,LW,OTT,276.9,Cam's Mustard Tigers,Cameron,Cam's Mustard Tigers,Cameron,2,14,43.4,1.0,,,,,,,,,,,,,,94.0
Brad Marchand,LW,FLA,275.0,Mitchell's Team,Mitchell,Mitchell's Team,Mitchell,2,16,19.7,1.0,,,,,,,,,,,,,,99.0
Mikko Rantanen,RW,DAL,266.2,conor's Team,conor,conor's Team,conor,2,15,15.0,1.0,,,,,,,,,,,,,,99.0
Nathan MacKinnon,C,COL,264.6,conor's Team,conor,conor's Team,conor,1,2,2.3,1.0,,,,,,,,,,,,,,99.0
Mitch Marner,RW,VGK,254.5,Goonsquad,Johnathan,Goonsquad,Johnathan,3,21,17.6,1.0,,,,,,,,,,,,,,99.0
Darnell Nurse,D,EDM,249.9,Double Ogre Time,Jesse,Double Ogre Time,Jesse,10,77,132.2,1.0,,,,,,,,,,,,,,95.0
Evander Kane,"LW,RW",VAN,248.7,Left Wing Lads,Ryan,Left Wing Lads,Ryan,7,56,74.8,1.0,,,,,,,,,,,,,,92.0
Aleksander Barkov,C,FLA,246.6,Mitchell's Team,Mitchell,DubJ,John,8,59,46.3,1.0,,,,,,,,,,,,,,96.0
Sidney Crosby,C,PIT,245.4,Goonsquad,Johnathan,Goonsquad,Johnathan,2,12,11.6,1.0,,,,,,,,,,,,,,99.0
Alex DeBrincat,"LW,RW",DET,245.3,conor's Team,conor,conor's Team,conor,12,95,94.5,1.0,,,,,,,,,,,,,,92.0
Mika Zibanejad,C,NYR,245.0,Left Wing Lads,Ryan,Left Wing Lads,Ryan,2,9,16.6,1.0,,,,,,,,,,,,,,96.0
Andrei Vasilevskiy,G,TB,243.8,DubJ,John,DubJ,John,4,27,7.8,1.0,,,,,,,,,,,,,,99.0
Patrice Bergeron,C,BOS,243.3,conor's Team,conor,conor's Team,conor,4,31,41.8,1.0,,,,,,,,,,,,,,97.0
Gabriel Landeskog,"C,LW",COL,236.6,Goonsquad,Johnathan,Goonsquad,Johnathan,6,44,34.8,1.0,,,,,,,,,,,,,,98.0
Joe Pavelski,"C,RW",DAL,234.8,,,,,,,149.6,0.18,,,,,,,,,,,,,,90.0
Sebastian Aho,C,CAR,233.4,Left Wing Lads,Ryan,Left Wing Lads,Ryan,1,8,10.8,1.0,,,,,,,,,,,,,,99.0
Patrick Kane,RW,DET,231.1,Miller Time,Ross,Miller Time,Ross,2,10,10.4,1.0,,,,,,,,,,,,,,97.0
Max Pacioretty,LW,TOR,230.4,Double Ogre Time,Jesse,Double Ogre Time,Jesse,2,13,35.5,1.0,,,,,,,,,,,,,,95.0
Jake Guentzel,"LW,RW",TB,227.9,Left Wing Lads,Ryan,Left Wing Lads,Ryan,3,24,24.1,1.0,,,,,,,,,,,,,,98.0
Jakob Chychrun,D,WSH,226.6,Miller Time,Ross,,,,,166.4,0.12,,,,,,,,,,,,,,87.0
David Perron,"LW,RW",OTT,226.4,Miller Time,Ross,Miller Time,Ross,11,87,117.9,1.0,,,,,,,,,,,,,,88.0
Alex Ovechkin,LW,WSH,225.7,Cam's Mustard Tigers,Cameron,Cam's Mustard Tigers,Cameron,1,3,5.1,1.0,,,,,,,,,,,,,,96.0
Dougie Hamilton,D,NJ,223.4,Cam's Mustard Tigers,Cameron,Cam's Mustard Tigers,Cameron,4,30,43.0,1.0,,,,,,,,,,,,,,98.0
Kris Letang,D,PIT,223.1,DubJ,John,conor's Team,conor,7,50,69.4,1.0,,,,,,,,,,,,,,98.0
Mark Scheifele,C,WPG,223.0,Cam's Mustard Tigers,Cameron,Cam's Mustard Tigers,Cameron,6,46,46.7,1.0,,,,,,,,,,,,,,95.0
Matthew Tkachuk,"LW,RW",FLA,221.8,,,Mitchell's Team,Mitchell,5,33,30.6,1.0,,,,,,,,,,,,,,90.0
John Tavares,C,TOR,221.8,Miller Time,Ross,Miller Time,Ross,3,23,28.7,1.0,,,,,,,,,,,,,,98.0
Mark Stone,RW,VGK,221.8,Mitchell's Team,Mitchell,Mitchell's Team,Mitchell,6,48,43.1,1.0,,,,,,,,,,,,,,98.0
Jonathan Huberdeau,LW,CGY,221.6,,,Left Wing Lads,Ryan,6,41,28.7,1.0,,,,,,,,,,,,,,98.0
Ryan O'Reilly,C,NSH,218.6,Goonsquad,Johnathan,Goonsquad,Johnathan,8,60,60.8,1.0,,,,,,,,,,,,,,94.0
Philipp Grubauer,G,SEA,217.2,Mitchell's Team,Mitchell,Mitchell's Team,Mitchell,19,145,81.8,1.0,,,,,,,,,,,,,,94.0
Tyler Toffoli,"LW,RW",SJ,217.0,Double Ogre Time,Jesse,Double Ogre Time,Jesse,21,164,165.9,0.84,,,,,,,,,,,,,,90.0
Connor Hellebuyck,G,WPG,216.6,Goonsquad,Johnathan,Goonsquad,Johnathan,4,28,16.4,1.0,,,,,,,,,,,,,,98.0
Kirill Kaprizov,"LW,RW",MIN,215.6,Left Wing Lads,Ryan,Left Wing Lads,Ryan,18,137,151.1,0.9,,,,,,,,,,,,,,89.0
MacKenzie Weegar,D,CGY,215.3,Miller Time,Ross,,,,,,,,,,,,,,,,,,,,72.0
Jeff Petry,D,FLA,214.0,Cam's Mustard Tigers,Cameron,Cam's Mustard Tigers,Cameron,11,83,105.0,1.0,,,,,,,,,,,,,,96.0
Andrei Svechnikov,"LW,RW",CAR,211.1,DubJ,John,DubJ,John,2,11,14.6,1.0,,,,,,,,,,,,,,97.0
David Pastrnak,RW,BOS,210.6,DubJ,John,DubJ,John,3,22,41.3,1.0,,,,,,,,,,,,,,98.0
Jonathan Marchessault,"C,LW",NSH,209.1,Miller Time,Ross,Miller Time,Ross,9,71,89.6,1.0,,,,,,,,,,,,,,87.0
Bryan Rust,"LW,RW",PIT,208.9,Left Wing Lads,Ryan,Left Wing Lads,Ryan,10,73,162.2,0.73,,,,,,,,,,,,,,83.0
Marc-Andre Fleury,G,PIT,208.6,Goonsquad,Johnathan,,,,,92.5,1.0,,,,,,,,,,,,,,95.0
Elias Lindholm,"C,RW",BOS,205.8,Cam's Mustard Tigers,Cameron,Cam's Mustard Tigers,Cameron,7,51,64.6,1.0,,,,,,,,,,,,,,88.0
Victor Hedman,D,TB,205.5,Mitchell's Team,Mitchell,Mitchell's Team,Mitchell,4,32,17.7,1.0,,,,,,,,,,,,,,99.0
Pavel Buchnevich,RW,STL,205.2,,,,,,,167.0,0.04,,,,,,,,,,,,,,68.0
Kyle Connor,LW,WPG,204.8,Left Wing Lads,Ryan,Left Wing Lads,Ryan,5,40,64.4,1.0,,,,,,,,,,,,,,90.0
Alec Martinez,D,CHI,204.8,Miller Time,Ross,,,,,167.0,0.04,,,,,,,,,,,,,,79.0
Vincent Trocheck,C,NYR,204.7,DubJ,John,DubJ,John,24,187,163.3,0.03,,,,,,,,,,,,,,80.0
Ondrej Palat,LW,NJ,201.9,Cam's Mustard Tigers,Cameron,Cam's Mustard Tigers,Cameron,21,163,160.2,0.93,,,,,,,,,,,,,,84.0
Adam Fox,D,NYR,201.3,conor's Team,conor,conor's Team,conor,17,130,118.3,1.0,,,,,,,,,,,,,,93.0
Tyson Barrie,D,CGY,198.9,Left Wing Lads,Ryan,Left Wing Lads,Ryan,12,89,109.7,1.0,,,,,,,,,,,,,,94.0
Jordan Staal,C,CAR,198.8,Miller Time,Ross,,,,,,,,,,,,,,,,,,,,62.0
Brock Boeser,RW,VAN,197.7,Cam's Mustard Tigers,Cameron,Left Wing Lads,Ryan,13,104,87.7,1.0,,,,,,,,,,,,,,87.0
Justin Faulk,D,STL,196.9,Left Wing Lads,Ryan,,,,,154.9,0.06,,,,,,,,,,,,,,65.0
Shea Theodore,D,VGK,196.4,Mitchell's Team,Mitchell,Mitchell's Team,Mitchell,12,96,94.2,1.0,,,,,,,,,,,,,,96.0
Semyon Varlamov,G,NYI,195.6,,,,,,,148.4,0.99,,,,,,,,,,,,,,91.0
John Carlson,D,WSH,195.1,DubJ,John,conor's Team,conor,3,18,22.8,1.0,,,,,,,,,,,,,,98.0
Nikolaj Ehlers,"LW,RW",CAR,194.9,,,Miller Time,Ross,12,90,152.5,0.88,,,,,,,,,,,,,,54.0
Neal Pionk,D,WPG,194.4,Miller Time,Ross,Miller Time,Ross,10,74,78.7,1.0,,,,,,,,,,,,,,90.0
Brayden Schenn,"C,RW",STL,193.8,Mitchell's Team,Mitchell,Mitchell's Team,Mitchell,10,80,73.4,1.0,,,,,,,,,,,,,,82.0
Juuse Saros,G,NSH,193.0,conor's Team,conor,,,,,120.1,1.0,,,,,,,,,,,,,,82.0
J.T. Miller,"C,LW,RW",NYR,192.5,Miller Time,Ross,Miller Time,Ross,7,55,39.3,1.0,,,,,,,,,,,,,,94.0
Joel Eriksson Ek,C,MIN,191.4,Cam's Mustard Tigers,Cameron,,,,,,,,,,,,,,,,,,,,35.0
Artemi Panarin,LW,NYR,190.4,Goonsquad,Johnathan,Goonsquad,Johnathan,1,5,5.0,1.0,,,,,,,,,,,,,,85.0
Seth Jones,D,FLA,189.6,Miller Time,Ross,DubJ,John,10,75,89.0,1.0,,,,,,,,,,,,,,87.0
Anze Kopitar,C,LA,189.5,DubJ,John,DubJ,John,19,150,134.7,1.0,,,,,,,,,,,,,,90.0
Radko Gudas,D,ANA,189.4,conor's Team,conor,,,,,,,,,,,,,,,,,,,,38.0
Martin Necas,"C,RW",COL,188.9,DubJ,John,,,,,,,,,,,,,,,,,,,,65.0
Brayden Point,"C,RW",TB,188.8,Miller Time,Ross,Miller Time,Ross,6,42,21.8,1.0,,,,,,,,,,,,,,98.0
Jake Muzzin,D,TOR,188.7,Double Ogre Time,Jesse,Double Ogre Time,Jesse,18,141,159.4,0.86,,,,,,,,,,,,,,65.0
Bo Horvat,C,NYI,188.2,conor's Team,conor,conor's Team,conor,14,111,145.4,0.96,,,,,,,,,,,,,,78.0
T.J. Oshie,RW,WSH,187.7,Goonsquad,Johnathan,Double Ogre Time,Jesse,16,125,142.2,0.99,,,,,,,,,,,,,,80.0
Devon Toews,D,COL,186.3,conor's Team,conor,,,,,171.9,0.22,,,,,,,,,,,,,,73.0
Blake Coleman,"LW,RW",CGY,184.9,Goonsquad,Johnathan,Double Ogre Time,Jesse,9,68,151.6,0.87,,,,,,,,,,,,,,59.0
Mark Giordano,D,TOR,184.7,,,Cam's Mustard Tigers,Cameron,14,110,125.4,1.0,,,,,,,,,,,,,,72.0
Oliver Bjorkstrand,"LW,RW",TB,184.5,conor's Team,conor,Left Wing Lads,Ryan,9,72,169.0,0.83,,,,,,,,,,,,,,57.0
Andrew Copp,"C,LW,RW",DET,184.2,Double Ogre Time,Jesse,,,,,,,,,,,,,,,,,,,,61.0
Ryan Strome,"C,RW",ANA,184.2,Mitchell's Team,Mitchell,Mitchell's Team,Mitchell,20,160,127.9,1.0,,,,,,,,,,,,,,81.0
Alex Tuch,"LW,RW",BUF,184.0,Goonsquad,Johnathan,,,,,165.2,0.03,,,,,,,,,,,,,,51.0
Nick Suzuki,"C,RW",MTL,183.7,DubJ,John,DubJ,John,20,155,159.9,0.55,,,,,,,,,,,,,,62.0
Dominik Kubalik,"LW,RW",OTT,183.5,,,Cam's Mustard Tigers,Cameron,13,99,133.0,1.0,,,,,,,,,,,,,,69.0
Tomas Hertl,"C,LW",VGK,182.5,DubJ,John,Miller Time,Ross,22,170,144.8,0.99,,,,,,,,,,,,,,74.0
Nino Niederreiter,"LW,RW",WPG,182.4,Double Ogre Time,Jesse,,,,,,,,,,,,,,,,,,,,61.0
Mathew Barzal,C,NYI,182.1,conor's Team,conor,conor's Team,conor,9,66,88.9,1.0,,,,,,,,,,,,,,85.0
Tristan Jarry,G,PIT,181.0,,,Cam's Mustard Tigers,Cameron,17,131,62.0,1.0,,,,,,,,,,,,,,83.0
Blake Wheeler,"C,RW",NYR,180.9,Miller Time,Ross,DubJ,John,5,38,35.7,1.0,,,,,,,,,,,,,,90.0
Jason Robertson,LW,DAL,180.7,Left Wing Lads,Ryan,,,,,,,,,,,,,,,,,,,,63.0
Chris Kreider,LW,ANA,180.3,Cam's Mustard Tigers,Cameron,conor's Team,conor,16,127,122.9,0.99,,,,,,,,,,,,,,64.0
Cale Makar,D,COL,180.1,DubJ,John,DubJ,John,6,43,37.4,1.0,,,,,,,,,,,,,,98.0
Drew Doughty,D,LA,180.0,DubJ,John,DubJ,John,16,123,136.5,1.0,,,,,,,,,,,,,,88.0
Kevin Fiala,"LW,RW",LA,179.8,DubJ,John,DubJ,John,14,107,112.8,1.0,,,,,,,,,,,,,,75.0
James van Riemsdyk,LW,DET,179.2,Double Ogre Time,Jesse,,,,,150.8,0.05,,,,,,,,,,,,,,62.0
Nicklas Backstrom,C,WSH,178.2,Mitchell's Team,Mitchell,Mitchell's Team,Mitchell,13,97,114.4,1.0,,,,,,,,,,,,,,89.0
Jamie Benn,"C,LW",DAL,177.1,Double Ogre Time,Jesse,Double Ogre Time,Jesse,11,84,110.9,0.99,,,,,,,,,,,,,,76.0
Jean-Gabriel Pageau,C,NYI,177.0,,,Miller Time,Ross,14,106,167.7,0.03,,,,,,,,,,,,,,41.0
Josh Anderson,RW,MTL,176.6,Goonsquad,Johnathan,Goonsquad,Johnathan,22,172,164.3,0.71,,,,,,,,,,,,,,60.0
Ivan Provorov,D,CBJ,176.2,DubJ,John,DubJ,John,12,91,96.9,1.0,,,,,,,,,,,,,,90.0
Patric Hornqvist,RW,FLA,175.7,Double Ogre Time,Jesse,Double Ogre Time,Jesse,12,93,150.3,0.85,,,,,,,,,,,,,,62.0
Jacob Markstrom,G,NJ,174.0,,,Miller Time,Ross,8,58,78.4,1.0,,,,,,,,,,,,,,80.0
Drake Batherson,RW,OTT,173.3,,,,,,,,,,,,,,,,,,,,,,30.0
Frank Vatrano,"LW,RW",ANA,173.2,Double Ogre Time,Jesse,,,,,,,,,,,,,,,,,,,,28.0
Ryan Pulock,D,NYI,173.1,Goonsquad,Johnathan,Double Ogre Time,Jesse,14,109,118.7,1.0,,,,,,,,,,,,,,63.0
Timo Meier,"LW,RW",NJ,173.1,Cam's Mustard Tigers,Cameron,Cam's Mustard Tigers,Cameron,9,67,85.6,1.0,,,,,,,,,,,,,,59.0
Zach Hyman,"C,LW,RW",EDM,172.5,,,,,,,171.1,0.18,,,,,,,,,,,,,,50.0
Joel Farabee,"LW,RW",CGY,172.4,Double Ogre Time,Jesse,,,,,155.8,0.05,,,,,,,,,,,,,,39.0
Max Comtois,"LW,RW",VGK,171.9,DubJ,John,,,,,,,,,,,,,,,,,,,,21.0
Charlie McAvoy,D,BOS,171.8,Mitchell's Team,Mitchell,Mitchell's Team,Mitchell,15,113,112.8,1.0,,,,,,,,,,,,,,88.0
Morgan Rielly,D,TOR,171.5,Mitchell's Team,Mitchell,Mitchell's Team,Mitchell,9,65,65.3,1.0,,,,,,,,,,,,,,97.0
Roope Hintz,"C,LW",DAL,171.1,Cam's Mustard Tigers,Cameron,,,,,170.1,0.07,,,,,,,,,,,,,,70.0
Mike Smith,G,EDM,171.0,Left Wing Lads,Ryan,,,,,164.4,0.02,,,,,,,,,,,,,,79.0
Esa Lindell,D,DAL,170.7,,,,,,,171.6,0.05,,,,,,,,,,,,,,33.0
Adam Lowry,C,WPG,170.4,Double Ogre Time,Jesse,,,,,,,,,,,,,,,,,,,,14.0
William Karlsson,C,VGK,170.1,Mitchell's Team,Mitchell,Mitchell's Team,Mitchell,22,176,172.8,0.44,,,,,,,,,,,,,,60.0
Yanni Gourde,"C,LW,RW",TB,170.0,Miller Time,Ross,,,,,,,,,,,,,,,,,,,,63.0
William Nylander,"LW,RW",TOR,170.0,Cam's Mustard Tigers,Cameron,conor's Team,conor,10,79,80.4,1.0,,,,,,,,,,,,,,90.0
Roman Josi,D,NSH,169.9,Cam's Mustard Tigers,Cameron,Cam's Mustard Tigers,Cameron,3,19,32.4,1.0,,,,,,,,,,,,,,95.0
Craig Smith,RW,DET,169.9,,,,,,,165.1,0.02,,,,,,,,,,,,,,44.0
Johnny Gaudreau,"LW,RW",CBJ,169.6,conor's Team,conor,conor's Team,conor,6,47,47.3,1.0,,,,,,,,,,,,,,89.0
Jeff Carter,"C,LW,RW",PIT,168.5,Miller Time,Ross,,,,,,,,,,,,,,,,,,,,30.0
Sean Couturier,C,PHI,168.4,conor's Team,conor,conor's Team,conor,8,63,61.6,1.0,,,,,,,,,,,,,,85.0
Dustin Brown,RW,LA,167.1,,,Double Ogre Time,Jesse,17,132,175.3,0.35,,,,,,,,,,,,,,46.0
Kevin Lankinen,G,VAN,167.0,conor's Team,conor,,,,,140.9,0.02,,,,,,,,,,,,,,59.0
Connor Brown,"LW,RW",NJ,166.5,Mitchell's Team,Mitchell,,,,,,,,,,,,,,,,,,,,21.0
Tom Wilson,RW,WSH,165.7,Double Ogre Time,Jesse,Double Ogre Time,Jesse,6,45,79.8,1.0,,,,,,,,,,,,,,75.0
Mikhail Sergachev,D,UTA,165.3,Left Wing Lads,Ryan,Cam's Mustard Tigers,Cameron,16,126,130.3,1.0,,,,,,,,,,,,,,83.0
Andre Burakovsky,"LW,RW",CHI,165.0,Cam's Mustard Tigers,Cameron,,,,,164.5,0.44,,,,,,,,,,,,,,52.0
Thatcher Demko,G,VAN,165.0,,,,,,,163.1,0.97,,,,,,,,,,,,,,58.0
Brent Burns,D,COL,164.7,Double Ogre Time,Jesse,Double Ogre Time,Jesse,3,20,52.1,1.0,,,,,,,,,,,,,,93.0
Carter Verhaeghe,"C,LW",FLA,164.6,,,,,,,,,,,,,,,,,,,,,,36.0
Rasmus Ristolainen,D,PHI,164.6,,,DubJ,John,15,118,126.5,1.0,,,,,,,,,,,,,,58.0
Thomas Chabot,D,OTT,164.5,conor's Team,conor,conor's Team,conor,15,114,119.1,1.0,,,,,,,,,,,,,,66.0
Jordan Binnington,G,STL,164.4,Cam's Mustard Tigers,Cameron,conor's Team,conor,5,34,39.0,1.0,,,,,,,,,,,,,,92.0
Adam Larsson,D,SEA,163.4,,,,,,,,,,,,,,,,,,,,,,26.0
Claude Giroux,"C,LW",OTT,163.2,Mitchell's Team,Mitchell,Mitchell's Team,Mitchell,8,64,63.6,1.0,,,,,,,,,,,,,,86.0
Cam Atkinson,RW,TB,163.0,,,Double Ogre Time,Jesse,20,157,161.3,0.93,,,,,,,,,,,,,,51.0
Jesse Puljujarvi,RW,PIT,162.4,Miller Time,Ross,conor's Team,conor,23,178,164.4,0.03,,,,,,,,,,,,,,22.0
Scott Laughton,"C,LW",TOR,162.1,,,,,,,,,,,,,,,,,,,,,,13.0
Josh Norris,C,BUF,161.8,,,,,,,,,,,,,,,,,,,,,,22.0
Nazem Kadri,C,CGY,161.5,Goonsquad,Johnathan,Goonsquad,Johnathan,20,156,139.5,0.99,,,,,,,,,,,,,,60.0
Chandler Stephenson,"C,LW",SEA,161.4,Double Ogre Time,Jesse,,,,,,,,,,,,,,,,,,,,41.0
Cam Talbot,G,DET,161.4,,,Left Wing Lads,Ryan,24,185,163.4,0.4,,,,,,,,,,,,,,78.0
Vitek Vanecek,G,UTA,161.2,Double Ogre Time,Jesse,,,,,150.4,0.02,,,,,,,,,,,,,,64.0
Jamie Oleksiak,D,SEA,160.5,Cam's Mustard Tigers,Cameron,,,,,,,,,,,,,,,,,,,,16.0
Conor Garland,"LW,RW",VAN,160.5,DubJ,John,,,,,163.5,0.03,,,,,,,,,,,,,,37.0
Ryan Nugent-Hopkins,"C,LW",EDM,160.0,Left Wing Lads,Ryan,Left Wing Lads,Ryan,8,57,73.3,1.0,,,,,,,,,,,,,,88.0
Sam Reinhart,"C,RW",FLA,159.8,Goonsquad,Johnathan,DubJ,John,22,171,150.1,0.9,,,,,,,,,,,,,,62.0
Nick Ritchie,LW,CGY,159.5,,,,,,,,,,,,,,,,,,,,,,17.0
Logan Couture,C,SJ,158.9,Double Ogre Time,Jesse,Double Ogre Time,Jesse,13,100,118.6,1.0,,,,,,,,,,,,,,66.0
Torey Krug,D,STL,158.7,Goonsquad,Johnathan,Goonsquad,Johnathan,13,101,76.2,1.0,,,,,,,,,,,,,,83.0
Alex Killorn,"LW,RW",ANA,158.3,Mitchell's Team,Mitchell,,,,,164.7,0.12,,,,,,,,,,,,,,46.0
Alex Pietrangelo,D,VGK,157.6,Miller Time,Ross,Miller Time,Ross,4,26,57.8,1.0,,,,,,,,,,,,,,90.0
David Krejci,C,BOS,157.6,conor's Team,conor,,,,,164.1,0.04,,,,,,,,,,,,,,51.0
Josh Morrissey,D,WPG,157.5,Goonsquad,Johnathan,,,,,173.8,0.21,,,,,,,,,,,,,,45.0
Jordan Eberle,RW,SEA,156.9,,,,,,,,,,,,,,,,,,,,,,28.0
Sam Bennett,"C,LW,RW",FLA,155.8,Miller Time,Ross,,,,,,,,,,,,,,,,,,,,47.0
Connor Murphy,D,CHI,155.7,,,,,,,,,,,,,,,,,,,,,,12.0
Mario Ferraro,D,SJ,155.6,Mitchell's Team,Mitchell,,,,,,,,,,,,,,,,,,,,13.0
Jared Spurgeon,D,MIN,155.2,Left Wing Lads,Ryan,,,,,163.7,0.76,,,,,,,,,,,,,,50.0
John Klingberg,D,SJ,155.1,Mitchell's Team,Mitchell,Mitchell's Team,Mitchell,17,129,110.7,1.0,,,,,,,,,,,,,,82.0
Garnet Hathaway,RW,PHI,154.9,,,,,,,,,,,,,,,,,,,,,,8.0
Brock Nelson,C,COL,154.7,,,Cam's Mustard Tigers,Cameron,20,158,170.4,0.66,,,,,,,,,,,,,,34.0
Mikael Backlund,"C,RW",CGY,154.7,conor's Team,conor,,,,,171.4,0.03,,,,,,,,,,,,,,21.0
Denis Gurianov,"LW,RW",NSH,154.0,conor's Team,conor,,,,,175.8,0.16,,,,,,,,,,,,,,22.0
Jani Hakanpaa,D,TOR,153.8,,,,,,,,,,,,,,,,,,,,,,18.0
Andrew Mangiapane,"LW,RW",EDM,153.5,,,,,,,,,,,,,,,,,,,,,,8.0
Kevin Hayes,C,PIT,153.4,,,,,,,166.2,0.1,,,,,,,,,,,,,,34.0
Igor Shesterkin,G,NYR,151.8,conor's Team,conor,conor's Team,conor,18,143,57.1,1.0,,,,,,,,,,,,,,84.0
Mike Hoffman,"LW,RW",EDM,151.6,Goonsquad,Johnathan,conor's Team,conor,11,82,81.2,1.0,,,,,,,,,,,,,,67.0
Anthony Mantha,"LW,RW",PIT,151.6,Left Wing Lads,Ryan,Left Wing Lads,Ryan,17,136,162.6,0.56,,,,,,,,,,,,,,52.0
Nick Foligno,"LW,RW",CHI,151.4,Double Ogre Time,Jesse,,,,,174.4,0.06,,,,,,,,,,,,,,30.0
Jakub Vrana,LW,NSH,150.8,,,conor's Team,conor,20,159,122.7,0.99,,,,,,,,,,,,,,55.0
Brenden Dillon,D,NJ,150.5,,,,,,,,,,,,,,,,,,,,,,17.0
Jordan Greenway,"LW,RW",BUF,150.5,,,,,,,,,,,,,,,,,,,,,,15.0
Alex Goligoski,D,MIN,150.4,Left Wing Lads,Ryan,,,,,,,,,,,,,,,,,,,,36.0
Phil Kessel,RW,VGK,150.3,,,,,,,163.7,0.22,,,,,,,,,,,,,,37.0
Nikita Zaitsev,D,CHI,150.1,,,,,,,,,,,,,,,,,,,,,,6.0
Christian Dvorak,"C,LW",PHI,149.7,,,,,,,,,,,,,,,,,,,,,,26.0
Josh Archibald,"LW,RW",PIT,149.6,,,,,,,,,,,,,,,,,,,,,,7.0
Rickard Rakell,"LW,RW",PIT,148.0,Double Ogre Time,Jesse,Cam's Mustard Tigers,Cameron,18,142,177.7,0.49,,,,,,,,,,,,,,22.0
Dmitry Orlov,D,SJ,148.0,,,,,,,169.3,0.05,,,,,,,,,,,,,,33.0
Filip Forsberg,LW,NSH,147.5,Goonsquad,Johnathan,Goonsquad,Johnathan,10,76,69.7,1.0,,,,,,,,,,,,,,80.0
Ryan Graves,D,PIT,147.1,,,Miller Time,Ross,16,122,148.5,0.94,,,,,,,,,,,,,,30.0
Reilly Smith,RW,VGK,147.0,,,conor's Team,conor,19,146,149.1,0.9,,,,,,,,,,,,,,27.0
Taylor Hall,LW,CAR,147.0,DubJ,John,DubJ,John,7,54,53.5,1.0,,,,,,,,,,,,,,86.0
Jared McCann,"C,LW",SEA,146.5,,,,,,,,,,,,,,,,,,,,,,37.0
Anthony Duclair,"LW,RW",NYI,146.5,Miller Time,Ross,Cam's Mustard Tigers,Cameron,23,179,169.5,0.06,,,,,,,,,,,,,,34.0
Miro Heiskanen,D,DAL,145.5,,,conor's Team,conor,13,98,78.5,1.0,,,,,,,,,,,,,,82.0
Jakub Voracek,"LW,RW",ARI,145.4,Left Wing Lads,Ryan,,,,,162.7,0.43,,,,,,,,,,,,,,44.0
Kevin Labanc,"LW,RW",CAR,145.1,,,,,,,,,,,,,,,,,,,,,,9.0
Travis Konecny,RW,PHI,144.9,Cam's Mustard Tigers,Cameron,Cam's Mustard Tigers,Cameron,10,78,80.1,1.0,,,,,,,,,,,,,,63.0
Clayton Keller,"LW,RW",UTA,144.7,,,,,,,172.8,0.17,,,,,,,,,,,,,,36.0
Viktor Arvidsson,"LW,RW",BOS,144.1,,,Miller Time,Ross,15,119,154.0,0.89,,,,,,,,,,,,,,34.0
Nikita Zadorov,D,BOS,143.9,,,,,,,169.1,0.06,,,,,,,,,,,,,,15.0
Mathew Dumba,D,PIT,143.7,DubJ,John,DubJ,John,21,166,149.6,0.97,,,,,,,,,,,,,,46.0
Tyler Myers,D,VAN,143.6,Double Ogre Time,Jesse,,,,,,,,,,,,,,,,,,,,34.0
Steven Stamkos,"C,LW,RW",NSH,143.6,Double Ogre Time,Jesse,Double Ogre Time,Jesse,4,29,22.4,1.0,,,,,,,,,,,,,,88.0
Pavel Zacha,"C,LW",BOS,143.5,,,,,,,,,,,,,,,,,,,,,,16.0
Joel Edmundson,D,LA,143.0,,,,,,,,,,,,,,,,,,,,,,22.0
Anthony Beauvillier,LW,WSH,142.9,Miller Time,Ross,,,,,161.9,0.02,,,,,,,,,,,,,,28.0
Alex Iafallo,LW,WPG,142.2,,,,,,,,,,,,,,,,,,,,,,10.0
Adrian Kempe,"C,LW,RW",LA,142.0,conor's Team,conor,,,,,,,,,,,,,,,,,,,,26.0
Milan Lucic,LW,STL,142.0,,,,,,,,,,,,,,,,,,,,,,6.0
Samuel Girard,D,COL,141.3,Goonsquad,Johnathan,,,,,168.7,0.44,,,,,,,,,,,,,,55.0
Jonas Brodin,D,MIN,141.2,DubJ,John,,,,,,,,,,,,,,,,,,,,19.0
Mike Reilly,D,CAR,140.9,conor's Team,conor,,,,,,,,,,,,,,,,,,,,26.0
Nicolas Hague,D,NSH,140.8,,,,,,,,,,,,,,,,,,,,,,3.0
Jack Hughes,"C,LW",NJ,140.3,Cam's Mustard Tigers,Cameron,Left Wing Lads,Ryan,21,168,159.8,0.67,,,,,,,,,,,,,,42.0
Justin Holl,D,DET,140.2,,,,,,,,,,,,,,,,,,,,,,6.0
Miles Wood,LW,CBJ,140.0,,,,,,,,,,,,,,,,,,,,,,6.0
Marcus Foligno,"LW,RW",MIN,139.9,Left Wing Lads,Ryan,,,,,,,,,,,,,,,,,,,,17.0
Nick Leddy,D,SJ,138.9,,,,,,,,,,,,,,,,,,,,,,38.0
Shea Weber,D,CHI,138.8,Left Wing Lads,Ryan,Left Wing Lads,Ryan,11,88,93.0,1.0,,,,,,,,,,,,,,77.0
Sergei Bobrovsky,G,FLA,138.4,,,Left Wing Lads,Ryan,19,152,141.9,0.99,,,,,,,,,,,,,,74.0
Scott Mayfield,D,NYI,138.2,,,,,,,,,,,,,,,,,,,,,,5.0
Barclay Goodrow,"C,LW",SJ,138.0,,,,,,,,,,,,,,,,,,,,,,11.0
Alexander Wennberg,"C,LW",SJ,137.8,,,,,,,,,,,,,,,,,,,,,,6.0
Nick Paul,"C,LW",TB,137.1,,,,,,,,,,,,,,,,,,,,,,3.0
Mason Appleton,"C,RW",DET,136.9,,,,,,,,,,,,,,,,,,,,,,3.0
Erik Cernak,D,TB,136.6,Mitchell's Team,Mitchell,Cam's Mustard Tigers,Cameron,22,174,164.3,0.52,,,,,,,,,,,,,,28.0
Yegor Sharangovich,"C,LW,RW",CGY,136.6,conor's Team,conor,,,,,,,,,,,,,,,,,,,,15.0
Quinn Hughes,D,VAN,136.6,,,Mitchell's Team,Mitchell,14,112,72.4,1.0,,,,,,,,,,,,,,90.0
Brett Pesce,D,NJ,136.2,,,,,,,,,,,,,,,,,,,,,,21.0
Joonas Donskoi,"LW,RW",SEA,136.0,,,,,,,,,,,,,,,,,,,,,,19.0
Tomas Tatar,"LW,RW",NJ,136.0,,,Miller Time,Ross,13,103,148.9,0.93,,,,,,,,,,,,,,47.0
Filip Hronek,D,VAN,135.8,,,conor's Team,conor,21,162,167.0,0.27,,,,,,,,,,,,,,25.0
Matt Martin,LW,NYI,135.8,,,,,,,,,,,,,,,,,,,,,,4.0
Pius Suter,"C,LW,RW",STL,135.1,,,,,,,,,,,,,,,,,,,,,,7.0
Michael Del Zotto,D,OTT,134.9,Double Ogre Time,Jesse,,,,,,,,,,,,,,,,,,,,8.0
Ryan McDonagh,D,TB,134.5,,,,,,,167.7,0.05,,,,,,,,,,,,,,20.0
Jaccob Slavin,D,CAR,134.2,Left Wing Lads,Ryan,,,,,157.7,0.89,,,,,,,,,,,,,,28.0
Mattias Ekholm,D,EDM,134.1,,,,,,,172.7,0.48,,,,,,,,,,,,,,35.0
Mackenzie Blackwood,G,COL,134.0,Miller Time,Ross,Miller Time,Ross,19,151,168.2,0.86,,,,,,,,,,,,,,46.0
Valeri Nichushkin,"LW,RW",COL,133.9,,,,,,,,,,,,,,,,,,,,,,5.0
Jacob Trouba,D,ANA,133.5,,,Double Ogre Time,Jesse,15,116,136.5,1.0,,,,,,,,,,,,,,36.0
Brandon Tanev,"LW,RW",UTA,133.0,,,Goonsquad,Johnathan,23,181,170.1,0.17,,,,,,,,,,,,,,26.0
Paul Stastny,"C,LW",CAR,132.7,Mitchell's Team,Mitchell,Miller Time,Ross,24,186,168.7,0.03,,,,,,,,,,,,,,21.0
Jordan Kyrou,"C,RW",STL,131.7,Left Wing Lads,Ryan,,,,,,,,,,,,,,,,,,,,17.0
Nick Schmaltz,"C,RW",UTA,131.5,,,,,,,,,,,,,,,,,,,,,,13.0
Tim Stutzle,LW,OTT,131.4,,,,,,,162.4,0.14,,,,,,,,,,,,,,19.0
Mikael Granlund,"C,LW,RW",ANA,131.3,,,,,,,,,,,,,,,,,,,,,,9.0
Derek Forbort,D,VAN,131.3,,,,,,,,,,,,,,,,,,,,,,6.0
Alex Nedeljkovic,G,SJ,131.0,Mitchell's Team,Mitchell,,,,,,,,,,,,,,,,,,,,62.0
Jack Roslovic,"C,RW",EDM,130.9,,,,,,,,,,,,,,,,,,,,,,16.0
Calle Jarnkrok,"LW,RW",TOR,130.9,,,,,,,,,,,,,,,,,,,,,,7.0
Alexander Edler,D,LA,130.8,,,Miller Time,Ross,17,135,173.2,0.21,,,,,,,,,,,,,,19.0
Brendan Gallagher,RW,MTL,130.6,Double Ogre Time,Jesse,Double Ogre Time,Jesse,8,61,64.9,1.0,,,,,,,,,,,,,,52.0
Nils Hoglander,"LW,RW",VAN,130.2,,,,,,,,,,,,,,,,,,,,,,14.0
Cal Clutterbuck,RW,NYI,130.1,,,,,,,,,,,,,,,,,,,,,,3.0
Jesper Bratt,"LW,RW",NJ,130.0,,,,,,,,,,,,,,,,,,,,,,11.0
Adam Pelech,D,NYI,129.9,,,,,,,,,,,,,,,,,,,,,,2.0
Nic Dowd,"C,RW",WSH,129.8,,,,,,,,,,,,,,,,,,,,,,5.0
Cal Petersen,G,MIN,129.6,,,,,,,167.7,0.02,,,,,,,,,,,,,,23.0
Phillip Danault,C,LA,129.3,,,,,,,173.9,0.07,,,,,,,,,,,,,,17.0
Ryan Lindgren,D,SEA,129.2,,,,,,,,,,,,,,,,,,,,,,7.0
Rasmus Dahlin,D,BUF,129.0,conor's Team,conor,DubJ,John,11,86,97.0,1.0,,,,,,,,,,,,,,62.0
Sean Monahan,C,CBJ,129.0,,,Cam's Mustard Tigers,Cameron,15,115,138.8,0.99,,,,,,,,,,,,,,50.0
Victor Olofsson,"LW,RW",COL,128.7,,,Mitchell's Team,Mitchell,21,161,139.6,0.99,,,,,,,,,,,,,,34.0
Cody Ceci,D,LA,127.8,,,,,,,,,,,,,,,,,,,,,,7.0
Rasmus Andersson,D,CGY,127.7,,,,,,,171.1,0.02,,,,,,,,,,,,,,16.0
Josh Bailey,"LW,RW",OTT,127.6,,,,,,,165.9,0.03,,,,,,,,,,,,,,12.0
Mats Zuccarello,RW,MIN,127.5,conor's Team,conor,,,,,,,,,,,,,,,,,,,,23.0
K'Andre Miller,D,CAR,127.3,,,,,,,,,,,,,,,,,,,,,,5.0
Lawson Crouse,LW,UTA,127.0,,,,,,,,,,,,,,,,,,,,,,6.0
Brandon Montour,D,SEA,126.5,,,,,,,,,,,,,,,,,,,,,,5.0
Kyle Palmieri,"LW,RW",NYI,126.1,Goonsquad,Johnathan,Goonsquad,Johnathan,14,108,115.7,1.0,,,,,,,,,,,,,,38.0
Brandon Hagel,"LW,RW",TB,125.7,,,,,,,,,,,,,,,,,,,,,,1.0
Kasperi Kapanen,"LW,RW",EDM,125.3,,,,,,,164.0,0.09,,,,,,,,,,,,,,26.0
David Savard,D,MTL,124.5,,,,,,,,,,,,,,,,,,,,,,11.0
Zach Aston-Reese,"LW,RW",CBJ,124.2,,,,,,,,,,,,,,,,,,,,,,1.0
Jesperi Kotkaniemi,C,CAR,123.7,,,,,,,,,,,,,,,,,,,,,,9.0
Dylan Larkin,C,DET,123.6,,,Mitchell's Team,Mitchell,11,81,122.6,1.0,,,,,,,,,,,,,,39.0
Erik Karlsson,D,PIT,123.6,Cam's Mustard Tigers,Cameron,Left Wing Lads,Ryan,14,105,91.7,1.0,,,,,,,,,,,,,,64.0
Anthony Cirelli,"C,RW",TB,123.4,Cam's Mustard Tigers,Cameron,,,,,168.7,0.6,,,,,,,,,,,,,,37.0
Erik Haula,"C,LW",NSH,123.4,,,,,,,,,,,,,,,,,,,,,,2.0
John Gibson,G,DET,123.2,,,DubJ,John,17,134,156.6,0.98,,,,,,,,,,,,,,50.0
Radek Faksa,C,DAL,123.1,,,,,,,,,,,,,,,,,,,,,,3.0
Chris Driedger,G,FLA,122.6,,,,,,,165.6,0.12,,,,,,,,,,,,,,38.0
Eric Robinson,"LW,RW",CAR,122.0,,,,,,,,,,,,,,,,,,,,,,
Boone Jenner,"C,LW",CBJ,121.7,,,,,,,,,,,,,,,,,,,,,,8.0
Martin Jones,G,TOR,121.6,,,,,,,165.6,0.03,,,,,,,,,,,,,,34.0
Damon Severson,D,CBJ,121.2,,,,,,,,,,,,,,,,,,,,,,5.0
Duncan Keith,D,EDM,121.1,,,,,,,168.5,0.17,,,,,,,,,,,,,,18.0
Alexander Romanov,D,NYI,121.1,,,,,,,165.1,0.08,,,,,,,,,,,,,,9.0
Ryan Suter,D,STL,121.1,,,Goonsquad,Johnathan,18,140,142.9,0.99,,,,,,,,,,,,,,32.0
Oliver Wahlstrom,RW,SJ,121.0,,,,,,,,,,,,,,,,,,,,,,3.0
Kevin Rooney,"C,LW",UTA,120.8,,,,,,,,,,,,,,,,,,,,,,1.0
Justin Schultz,D,SEA,120.6,,,,,,,164.4,0.02,,,,,,,,,,,,,,23.0
Kailer Yamamoto,RW,UTA,119.9,Goonsquad,Johnathan,Goonsquad,Johnathan,12,92,98.6,1.0,,,,,,,,,,,,,,39.0
Brady Skjei,D,NSH,119.8,,,,,,,,,,,,,,,,,,,,,,3.0
William Carrier,"LW,RW",CAR,119.6,,,,,,,,,,,,,,,,,,,,,,2.0
Luke Kunin,"C,RW",FLA,119.5,,,,,,,,,,,,,,,,,,,,,,3.0
Jack Campbell,G,DET,118.8,Cam's Mustard Tigers,Cameron,,,,,162.3,0.02,,,,,,,,,,,,,,77.0
Jason Spezza,"C,RW",TOR,118.3,,,,,,,,,,,,,,,,,,,,,,6.0
Aaron Ekblad,D,FLA,118.3,,,Left Wing Lads,Ryan,16,121,131.7,1.0,,,,,,,,,,,,,,37.0
Ilya Mikheyev,"LW,RW",CHI,118.1,,,,,,,,,,,,,,,,,,,,,,3.0
Adam Erne,"LW,RW",DAL,118.1,,,,,,,,,,,,,,,,,,,,,,5.0
Ryan Hartman,"C,LW,RW",MIN,117.8,,,,,,,,,,,,,,,,,,,,,,3.0
Casey Cizikas,C,NYI,117.6,,,,,,,,,,,,,,,,,,,,,,2.0
Sean Walker,D,CAR,117.3,,,,,,,,,,,,,,,,,,,,,,2.0
Evgeny Kuznetsov,C,WSH,117.3,Goonsquad,Johnathan,Goonsquad,Johnathan,9,69,66.4,1.0,,,,,,,,,,,,,,66.0
Dillon Dube,"LW,RW",CGY,117.3,Double Ogre Time,Jesse,,,,,,,,,,,,,,,,,,,,3.0
Warren Foegele,"LW,RW",LA,117.2,,,,,,,,,,,,,,,,,,,,,,1.0
Vladislav Namestnikov,"C,LW,RW",WPG,116.7,,,,,,,,,,,,,,,,,,,,,,3.0
Tanner Pearson,LW,WPG,116.3,Double Ogre Time,Jesse,Double Ogre Time,Jesse,23,180,,,,,,,,,,,,,,,,18.0
Keith Yandle,D,PHI,116.2,Goonsquad,Johnathan,Goonsquad,Johnathan,17,133,130.1,1.0,,,,,,,,,,,,,,61.0
Zach Whitecloud,D,VGK,116.1,,,,,,,,,,,,,,,,,,,,,,1.0
Chris Tanev,D,TOR,115.9,,,,,,,,,,,,,,,,,,,,,,3.0
Noel Acciari,"C,RW",PIT,115.8,,,,,,,,,,,,,,,,,,,,,,5.0
Oliver Ekman-Larsson,D,TOR,114.9,Goonsquad,Johnathan,Goonsquad,Johnathan,15,117,112.8,1.0,,,,,,,,,,,,,,59.0
Gustav Forsling,D,FLA,114.3,,,,,,,,,,,,,,,,,,,,,,4.0
Luke Glendening,"C,RW",NJ,114.3,,,,,,,,,,,,,,,,,,,,,,7.0
Thomas Greiss,G,STL,114.0,,,,,,,165.3,0.04,,,,,,,,,,,,,,16.0
Mathieu Joseph,"C,LW,RW",STL,113.9,,,,,,,,,,,,,,,,,,,,,,3.0
Anton Khudobin,G,CHI,113.6,conor's Team,conor,Double Ogre Time,Jesse,7,52,71.8,1.0,,,,,,,,,,,,,,72.0
Eeli Tolvanen,"LW,RW",SEA,113.6,,,,,,,,,,,,,,,,,,,,,,14.0
Mathieu Perreault,"LW,RW",MTL,113.6,,,,,,,,,,,,,,,,,,,,,,1.0
Tyler Johnson,"C,RW",BOS,113.5,,,,,,,166.0,0.03,,,,,,,,,,,,,,10.0
Zdeno Chara,D,NYI,113.3,,,,,,,161.6,0.09,,,,,,,,,,,,,,9.0
Paul Byron,"LW,RW",MTL,113.3,,,,,,,,,,,,,,,,,,,,,,1.0
Alexander Kerfoot,"C,RW",UTA,113.2,,,,,,,,,,,,,,,,,,,,,,3.0
Jason Dickinson,"C,LW",CHI,113.2,,,,,,,,,,,,,,,,,,,,,,1.0
Nick Bonino,"C,RW",NYR,112.8,Mitchell's Team,Mitchell,,,,,,,,,,,,,,,,,,,,11.0
Elvis Merzlikins,G,CBJ,112.2,,,Left Wing Lads,Ryan,23,184,109.8,1.0,,,,,,,,,,,,,,46.0
Artem Zub,D,OTT,112.2,,,,,,,,,,,,,,,,,,,,,,1.0
Pierre-Luc Dubois,C,WSH,111.4,,,Cam's Mustard Tigers,Cameron,12,94,94.8,1.0,,,,,,,,,,,,,,59.0
Kevin Shattenkirk,D,BOS,111.2,,,,,,,164.1,0.66,,,,,,,,,,,,,,17.0
Kaapo Kahkonen,G,MTL,110.8,Goonsquad,Johnathan,,,,,,,,,,,,,,,,,,,,42.0
Joel Armia,"LW,RW",LA,110.8,,,,,,,,,,,,,,,,,,,,,,3.0
Adam Henrique,"C,LW",EDM,110.6,,,,,,,,,,,,,,,,,,,,,,6.0
Ryan Donato,"C,LW",CHI,110.5,,,,,,,,,,,,,,,,,,,,,,1.0
Tyson Jost,"C,LW",NSH,110.4,,,,,,,,,,,,,,,,,,,,,,2.0
Travis Sanheim,D,PHI,110.4,,,,,,,171.5,0.02,,,,,,,,,,,,,,3.0
Conor Sheary,"LW,RW",NYR,110.3,,,,,,,,,,,,,,,,,,,,,,3.0
Nicolas Deslauriers,"LW,RW",PHI,109.9,,,,,,,,,,,,,,,,,,,,,,1.0
Trevor Moore,"LW,RW",LA,109.9,,,,,,,,,,,,,,,,,,,,,,1.0
Calvin de Haan,D,NYR,109.8,,,Left Wing Lads,Ryan,22,169,,,,,,,,,,,,,,,,4.0
Teddy Blueger,"C,LW",VAN,109.8,,,,,,,,,,,,,,,,,,,,,,4.0
Evgenii Dadonov,"LW,RW",NJ,109.7,,,DubJ,John,18,139,164.0,0.92,,,,,,,,,,,,,,16.0
Jujhar Khaira,"C,LW",TB,109.7,,,,,,,,,,,,,,,,,,,,,,3.0
Tuukka Rask,G,BOS,109.6,Cam's Mustard Tigers,Cameron,Cam's Mustard Tigers,Cameron,5,35,32.8,1.0,,,,,,,,,,,,,,94.0
Zach Sanford,LW,CHI,109.5,,,,,,,,,,,,,,,,,,,,,,2.0
Rudolfs Balcers,LW,FLA,109.4,,,,,,,,,,,,,,,,,,,,,,1.0
Artturi Lehkonen,"LW,RW",COL,109.4,,,,,,,,,,,,,,,,,,,,,,1.0
P.K. Subban,D,NJ,109.4,,,,,,,169.2,0.29,,,,,,,,,,,,,,15.0
Carson Soucy,D,NYR,109.2,,,,,,,,,,,,,,,,,,,,,,3.0
Brian Dumoulin,D,LA,109.2,,,,,,,,,,,,,,,,,,,,,,7.0
Christian Fischer,RW,CBJ,108.8,,,,,,,,,,,,,,,,,,,,,,1.0
Mike Matheson,D,MTL,108.3,,,,,,,,,,,,,,,,,,,,,,3.0
Anders Lee,LW,NYI,108.3,,,Goonsquad,Johnathan,11,85,97.4,1.0,,,,,,,,,,,,,,33.0
Patrik Nemeth,D,ARI,108.3,,,,,,,,,,,,,,,,,,,,,,
Brayden McNabb,D,VGK,108.2,,,,,,,,,,,,,,,,,,,,,,7.0
Colin Blackwell,"LW,RW",DAL,108.2,,,,,,,,,,,,,,,,,,,,,,7.0
Mattias Janmark,"C,LW",EDM,108.0,,,,,,,,,,,,,,,,,,,,,,2.0
Shayne Gostisbehere,D,CAR,108.0,,,,,,,,,,,,,,,,,,,,,,7.0
Blake Comeau,"LW,RW",DAL,107.5,,,,,,,,,,,,,,,,,,,,,,1.0
TJ Brodie,D,CHI,106.9,,,,,,,169.1,0.07,,,,,,,,,,,,,,10.0
Vince Dunn,D,SEA,106.0,,,,,,,173.2,0.07,,,,,,,,,,,,,,8.0
Jaden Schwartz,LW,SEA,105.8,,,Miller Time,Ross,20,154,150.9,0.98,,,,,,,,,,,,,,30.0
Nathan Bastian,RW,DAL,105.8,,,,,,,,,,,,,,,,,,,,,,2.0
Ilya Sorokin,G,NYI,105.4,,,,,,,172.9,0.92,,,,,,,,,,,,,,50.0
Nico Sturm,"C,LW",MIN,105.2,,,,,,,,,,,,,,,,,,,,,,1.0
Jake Allen,G,NJ,105.2,Left Wing Lads,Ryan,,,,,165.3,0.17,,,,,,,,,,,,,,42.0
Ryan Ellis,D,PHI,105.1,,,Left Wing Lads,Ryan,15,120,125.2,1.0,,,,,,,,,,,,,,48.0
Nick Jensen,D,OTT,104.9,,,,,,,,,,,,,,,,,,,,,,1.0
Ryan Getzlaf,C,ANA,104.8,,,conor's Team,conor,24,191,,,,,,,,,,,,,,,,6.0
Carl Soderberg,"C,LW",COL,104.7,,,,,,,,,,,,,,,,,,,,,,3.0
Travis Hamonic,D,DET,104.7,,,,,,,,,,,,,,,,,,,,,,13.0
Colton Sissons,"C,LW,RW",VGK,104.6,,,,,,,,,,,,,,,,,,,,,,1.0
Connor Clifton,D,PIT,104.2,,,,,,,,,,,,,,,,,,,,,,1.0
Cam Fowler,D,STL,104.2,,,,,,,,,,,,,,,,,,,,,,4.0
Derick Brassard,"C,LW,RW",OTT,103.8,,,,,,,,,,,,,,,,,,,,,,2.0
Matt Grzelcyk,D,CHI,103.7,Miller Time,Ross,,,,,165.5,0.36,,,,,,,,,,,,,,39.0
Derek Grant,"C,LW",ANA,103.4,,,,,,,,,,,,,,,,,,,,,,1.0
Evgeni Malkin,C,PIT,102.8,Goonsquad,Johnathan,Goonsquad,Johnathan,5,37,28.1,1.0,,,,,,,,,,,,,,87.0
Nick Bjugstad,"C,RW",STL,102.7,,,,,,,,,,,,,,,,,,,,,,2.0
Jake Oettinger,G,DAL,102.4,,,,,,,,,,,,,,,,,,,,,,34.0
Corey Perry,RW,LA,102.2,,,,,,,,,,,,,,,,,,,,,,2.0
Lars Eller,C,OTT,101.9,,,,,,,,,,,,,,,,,,,,,,4.0
Mikey Anderson,D,LA,101.8,,,,,,,,,,,,,,,,,,,,,,1.0
Jeremy Lauzon,D,VGK,101.6,,,,,,,,,,,,,,,,,,,,,,3.0
Ryan Johansen,C,COL,101.4,,,,,,,172.6,0.05,,,,,,,,,,,,,,9.0
Jason Zucker,"LW,RW",BUF,101.4,,,,,,,168.6,0.14,,,,,,,,,,,,,,10.0
Sean Kuraly,"C,LW",BOS,101.2,,,,,,,,,,,,,,,,,,,,,,2.0
Brandon Saad,"LW,RW",VGK,101.1,,,,,,,165.3,0.06,,,,,,,,,,,,,,8.0
Nicolas Aube-Kubel,RW,MIN,101.1,,,,,,,,,,,,,,,,,,,,,,
Colin White,"C,RW",SJ,101.0,,,,,,,,,,,,,,,,,,,,,,1.0
Charlie Coyle,"C,RW",CBJ,101.0,,,,,,,163.5,0.03,,,,,,,,,,,,,,6.0
Marco Scandella,D,STL,100.6,,,,,,,,,,,,,,,,,,,,,,1.0
Michael McLeod,C,NJ,100.6,,,,,,,,,,,,,,,,,,,,,,1.0
Owen Tippett,RW,PHI,100.5,,,,,,,,,,,,,,,,,,,,,,1.0
Filip Chytil,"C,RW",VAN,100.5,,,,,,,,,,,,,,,,,,,,,,2.0
Curtis Lazar,"C,RW",EDM,100.4,,,,,,,,,,,,,,,,,,,,,,
Jonathan Bernier,G,NJ,100.4,,,,,,,,,,,,,,,,,,,,,,16.0
Andrew Cogliano,LW,COL,100.4,,,,,,,,,,,,,,,,,,,,,,
Colin Miller,D,WPG,100.4,,,,,,,,,,,,,,,,,,,,,,1.0
Brian Elliott,G,TB,100.2,Double Ogre Time,Jesse,,,,,,,,,,,,,,,,,,,,29.0
Carl Grundstrom,"LW,RW",SJ,100.2,,,,,,,,,,,,,,,,,,,,,,
Yakov Trenin,LW,MIN,99.8,,,,,,,,,,,,,,,,,,,,,,
Max Jones,LW,EDM,99.7,,,,,,,,,,,,,,,,,,,,,,
Tyler Pitlick,"LW,RW",MIN,99.7,,,,,,,,,,,,,,,,,,,,,,1.0
Brendan Smith,"RW,D",CBJ,99.7,,,,,,,,,,,,,,,,,,,,,,3.0
James Reimer,G,TOR,99.6,,,,,,,168.3,0.04,,,,,,,,,,,,,,27.0
Patrik Laine,"LW,RW",MTL,99.2,Cam's Mustard Tigers,Cameron,Left Wing Lads,Ryan,4,25,25.1,1.0,,,,,,,,,,,,,,69.0
Brendan Lemieux,LW,CAR,99.0,,,,,,,,,,,,,,,,,,,,,,2.0
Mikko Koskinen,G,EDM,99.0,,,,,,,175.2,0.77,,,,,,,,,,,,,,30.0
Alexis Lafreniere,LW,NYR,98.9,,,Cam's Mustard Tigers,Cameron,19,147,129.8,1.0,,,,,,,,,,,,,,28.0
Darcy Kuemper,G,LA,98.8,DubJ,John,Mitchell's Team,Mitchell,18,144,62.3,1.0,,,,,,,,,,,,,,70.0
Noah Dobson,D,MTL,98.7,,,,,,,,,,,,,,,,,,,,,,4.0
Tomas Nosek,"C,LW",FLA,98.7,,,,,,,,,,,,,,,,,,,,,,4.0
Filip Zadina,"LW,RW",SJ,98.4,,,,,,,,,,,,,,,,,,,,,,5.0
Jordan Martinook,"C,LW,RW",CAR,98.3,,,,,,,,,,,,,,,,,,,,,,1.0
Zach Werenski,D,CBJ,98.1,,,DubJ,John,13,102,84.2,1.0,,,,,,,,,,,,,,42.0
Ty Smith,D,CAR,97.9,,,,,,,,,,,,,,,,,,,,,,14.0
Andreas Athanasiou,"LW,RW",CHI,97.8,,,,,,,,,,,,,,,,,,,,,,2.0
J.T. Compher,"C,RW",DET,97.8,,,,,,,,,,,,,,,,,,,,,,1.0
Zach Parise,LW,COL,97.7,,,Mitchell's Team,Mitchell,23,177,168.9,0.07,,,,,,,,,,,,,,9.0
Nate Schmidt,D,UTA,97.7,,,Goonsquad,Johnathan,24,188,154.9,0.91,,,,,,,,,,,,,,22.0
Daniel Sprong,"LW,RW",NJ,97.7,,,,,,,,,,,,,,,,,,,,,,3.0
Jesper Fast,RW,CAR,97.6,,,,,,,,,,,,,,,,,,,,,,1.0
Max Domi,"C,LW",TOR,97.6,,,Miller Time,Ross,21,167,158.7,0.96,,,,,,,,,,,,,,22.0
Vladislav Gavrikov,D,NYR,97.1,,,,,,,,,,,,,,,,,,,,,,1.0
Johan Larsson,"C,LW",WSH,97.1,,,,,,,,,,,,,,,,,,,,,,1.0
Matt Roy,D,WSH,97.0,,,,,,,,,,,,,,,,,,,,,,2.0
Justin Braun,D,PHI,97.0,,,,,,,,,,,,,,,,,,,,,,
Danny DeKeyser,D,DET,96.7,,,,,,,,,,,,,,,,,,,,,,2.0
Travis Zajac,"C,LW",NJ,96.7,,,,,,,,,,,,,,,,,,,,,,2.0
Austin Watson,"LW,RW",DET,96.5,,,,,,,,,,,,,,,,,,,,,,2.0
Erik Gudbranson,D,CBJ,96.2,,,,,,,,,,,,,,,,,,,,,,2.0
Jake Evans,"C,RW",MTL,96.0,,,,,,,,,,,,,,,,,,,,,,
Noah Hanifin,D,VGK,95.8,,,,,,,,,,,,,,,,,,,,,,3.0
Samuel Blais,"LW,RW",TOR,95.6,,,,,,,,,,,,,,,,,,,,,,1.0
Dylan DeMelo,D,WPG,95.2,,,,,,,,,,,,,,,,,,,,,,1.0
Trevor Lewis,"C,RW",LA,94.9,,,,,,,,,,,,,,,,,,,,,,
Pekka Rinne,G,NSH,94.4,,,,,,,164.2,0.14,,,,,,,,,,,,,,16.0
Ben Chiarot,D,DET,94.2,,,Cam's Mustard Tigers,Cameron,24,190,172.0,0.06,,,,,,,,,,,,,,9.0
Keegan Kolesar,RW,VGK,94.2,,,,,,,,,,,,,,,,,,,,,,
John Marino,D,UTA,94.1,,,,,,,168.8,0.1,,,,,,,,,,,,,,3.0
Jonathan Drouin,"C,LW",NYI,94.0,,,,,,,169.8,0.05,,,,,,,,,,,,,,14.0
Nikolai Knyzhov,D,VAN,93.1,,,,,,,,,,,,,,,,,,,,,,
Carl Hagelin,LW,WSH,92.9,,,,,,,,,,,,,,,,,,,,,,
Gabriel Vilardi,C,WPG,92.8,,,,,,,,,,,,,,,,,,,,,,3.0
Carey Price,G,SJ,92.8,,,DubJ,John,9,70,47.5,1.0,,,,,,,,,,,,,,72.0
Nick Cousins,"LW,RW",OTT,92.6,,,,,,,,,,,,,,,,,,,,,,
Dylan Gambrell,"C,RW",NSH,92.6,,,,,,,,,,,,,,,,,,,,,,1.0
Joonas Korpisalo,G,BOS,92.6,,,,,,,132.2,1.0,,,,,,,,,,,,,,35.0
Philippe Myers,D,TOR,92.4,,,,,,,,,,,,,,,,,,,,,,1.0
Ian Cole,D,UTA,92.3,,,,,,,,,,,,,,,,,,,,,,1.0
Cedric Paquette,"C,LW",MTL,92.0,,,,,,,,,,,,,,,,,,,,,,
Pat Maroon,"LW,RW",CHI,91.8,,,,,,,,,,,,,,,,,,,,,,3.0
Andy Greene,D,NYI,91.5,,,,,,,,,,,,,,,,,,,,,,1.0
Jake DeBrusk,"LW,RW",VAN,91.5,,,,,,,164.1,0.05,,,,,,,,,,,,,,5.0
Tyler Motte,"LW,RW",FLA,91.2,DubJ,John,,,,,,,,,,,,,,,,,,,,7.0
Robby Fabbri,"C,LW,RW",PIT,91.1,,,,,,,,,,,,,,,,,,,,,,4.0
Nicolas Roy,"C,RW",TOR,90.5,,,,,,,,,,,,,,,,,,,,,,
Robin Lehner,G,VGK,90.2,Cam's Mustard Tigers,Cameron,Cam's Mustard Tigers,Cameron,8,62,35.5,1.0,,,,,,,,,,,,,,86.0
Victor Rask,C,SEA,90.1,,,,,,,,,,,,,,,,,,,,,,1.0
Casey DeSmith,G,DAL,90.0,,,,,,,166.4,0.03,,,,,,,,,,,,,,26.0
Michael Rasmussen,"C,LW,RW",DET,89.3,,,,,,,,,,,,,,,,,,,,,,2.0
Kaapo Kakko,RW,SEA,88.9,,,,,,,163.5,0.12,,,,,,,,,,,,,,8.0
Matt Murray,G,SEA,88.8,,,,,,,174.4,0.68,,,,,,,,,,,,,,18.0
Frederik Andersen,G,CAR,88.6,Miller Time,Ross,Miller Time,Ross,5,39,49.4,1.0,,,,,,,,,,,,,,70.0
Colton Parayko,D,STL,88.6,DubJ,John,Miller Time,Ross,18,138,139.4,1.0,,,,,,,,,,,,,,30.0
Janne Kuokkanen,RW,NJ,88.5,,,,,,,,,,,,,,,,,,,,,,1.0
Juuso Valimaki,D,UTA,87.0,,,,,,,,,,,,,,,,,,,,,,2.0
Jakob Silfverberg,RW,ANA,86.9,,,,,,,,,,,,,,,,,,,,,,2.0
Jeff Skinner,LW,SJ,86.7,,,Double Ogre Time,Jesse,19,148,174.5,0.39,,,,,,,,,,,,,,10.0
Linus Ullmark,G,OTT,86.4,,,conor's Team,conor,22,175,167.8,0.11,,,,,,,,,,,,,,12.0
Elias Pettersson,C,VAN,86.2,,,Mitchell's Team,Mitchell,3,17,16.9,1.0,,,,,,,,,,,,,,85.0
Ilya Samsonov,G,VGK,86.0,,,Double Ogre Time,Jesse,5,36,40.4,1.0,,,,,,,,,,,,,,75.0
Danton Heinen,"LW,RW",PIT,85.7,,,,,,,,,,,,,,,,,,,,,,
Ryan Murray,D,EDM,85.5,,,,,,,,,,,,,,,,,,,,,,
Richard Panik,"LW,RW",NYI,85.5,,,,,,,,,,,,,,,,,,,,,,1.0
Dante Fabbro,D,CBJ,84.7,,,,,,,,,,,,,,,,,,,,,,1.0
Alexandre Texier,"C,LW",STL,84.7,,,,,,,,,,,,,,,,,,,,,,2.0
Tage Thompson,"LW,RW",BUF,84.6,,,,,,,,,,,,,,,,,,,,,,1.0
Ryan Reaves,RW,SJ,83.8,,,,,,,164.3,0.08,,,,,,,,,,,,,,6.0
Adin Hill,G,VGK,83.8,DubJ,John,,,,,,,,,,,,,,,,,,,,12.0
Casey Mittelstadt,"C,LW,RW",BOS,83.8,,,,,,,,,,,,,,,,,,,,,,19.0
Dmitry Kulikov,D,FLA,83.7,,,,,,,,,,,,,,,,,,,,,,1.0
Michael Raffl,"C,LW",DAL,83.6,,,,,,,,,,,,,,,,,,,,,,
Colton Sceviour,"LW,RW",EDM,83.0,,,,,,,,,,,,,,,,,,,,,,
Ilya Lyubushkin,D,DAL,82.9,,,,,,,,,,,,,,,,,,,,,,1.0
Marc Staal,D,PHI,82.9,,,,,,,,,,,,,,,,,,,,,,1.0
Pierre-Edouard Bellemare,"C,LW",COL,82.8,,,,,,,,,,,,,,,,,,,,,,1.0
Joakim Nordstrom,"C,LW",CGY,82.7,,,,,,,,,,,,,,,,,,,,,,1.0
Jonathan Quick,G,NYR,82.6,,,,,,,163.4,0.12,,,,,,,,,,,,,,17.0
Austin Wagner,"LW,RW",CHI,82.6,,,,,,,,,,,,,,,,,,,,,,
Chris Tierney,C,NJ,82.2,,,,,,,,,,,,,,,,,,,,,,1.0
Joe Thornton,"C,LW",FLA,81.6,,,,,,,161.5,0.04,,,,,,,,,,,,,,8.0
Oskar Lindblom,LW,SJ,81.5,,,,,,,,,,,,,,,,,,,,,,2.0
Philipp Kurashev,"C,LW,RW",SJ,81.5,,,,,,,,,,,,,,,,,,,,,,1.0
Troy Terry,RW,ANA,81.3,,,,,,,,,,,,,,,,,,,,,,
Kris Russell,D,EDM,80.8,,,,,,,,,,,,,,,,,,,,,,
Alex Chiasson,RW,DET,80.8,,,,,,,,,,,,,,,,,,,,,,1.0
Brock McGinn,"LW,RW",ANA,80.6,,,,,,,,,,,,,,,,,,,,,,1.0
Wayne Simmonds,RW,TOR,79.9,,,,,,,,,,,,,,,,,,,,,,4.0
Pierre Engvall,"C,LW",NYI,78.4,,,,,,,,,,,,,,,,,,,,,,
Marcus Pettersson,D,VAN,78.4,,,,,,,,,,,,,,,,,,,,,,1.0
Sam Gagner,"LW,RW",CAR,77.8,,,,,,,,,,,,,,,,,,,,,,1.0
Haydn Fleury,D,WPG,77.0,,,,,,,,,,,,,,,,,,,,,,
Kyle Clifford,LW,TOR,76.9,,,,,,,,,,,,,,,,,,,,,,
Jordan Oesterle,D,NSH,76.8,,,,,,,,,,,,,,,,,,,,,,1.0
Mason Marchment,LW,SEA,76.4,,,,,,,,,,,,,,,,,,,,,,
Bobby Ryan,"LW,RW",DET,76.4,,,,,,,,,,,,,,,,,,,,,,3.0
Andrej Sekera,D,DAL,75.8,,,,,,,,,,,,,,,,,,,,,,
Robert Bortuzzo,D,UTA,75.5,,,,,,,,,,,,,,,,,,,,,,1.0
Brett Kulak,D,EDM,75.1,,,,,,,,,,,,,,,,,,,,,,
Dominik Kahun,"LW,RW",EDM,75.1,,,,,,,,,,,,,,,,,,,,,,2.0
Andreas Johnsson,"LW,RW",PIT,74.9,,,,,,,,,,,,,,,,,,,,,,1.0
Brandon Sutter,"C,RW",VAN,74.9,,,,,,,,,,,,,,,,,,,,,,2.0
Luke Schenn,D,WPG,74.6,,,,,,,,,,,,,,,,,,,,,,1.0
Robert Hagg,D,VGK,74.5,,,,,,,,,,,,,,,,,,,,,,1.0
Ivan Barbashev,"C,RW",VGK,74.3,,,,,,,,,,,,,,,,,,,,,,
Darren Helm,"LW,RW",COL,74.3,,,,,,,,,,,,,,,,,,,,,,
Dylan Strome,"C,RW",WSH,74.2,,,,,,,168.3,0.14,,,,,,,,,,,,,,9.0
Jaroslav Halak,G,NYR,74.2,,,,,,,117.6,1.0,,,,,,,,,,,,,,46.0
Henri Jokiharju,D,BOS,73.5,,,,,,,,,,,,,,,,,,,,,,
Alex Galchenyuk,"C,LW",COL,73.4,,,,,,,,,,,,,,,,,,,,,,8.0
Phillip Di Giuseppe,"LW,RW",WPG,73.2,,,,,,,,,,,,,,,,,,,,,,
Jacob MacDonald,D,COL,73.2,,,,,,,,,,,,,,,,,,,,,,
Brett Ritchie,RW,CGY,73.1,,,,,,,,,,,,,,,,,,,,,,1.0
Ethan Bear,D,NYI,73.1,,,,,,,,,,,,,,,,,,,,,,2.0
Logan Stanley,D,WPG,72.7,,,,,,,,,,,,,,,,,,,,,,
Vladimir Tarasenko,RW,MIN,72.5,Left Wing Lads,Ryan,DubJ,John,23,182,163.1,0.41,,,,,,,,,,,,,,53.0
Devin Shore,"C,LW",MIN,72.4,,,,,,,,,,,,,,,,,,,,,,
Alexander Volkov,RW,TB,72.3,,,,,,,,,,,,,,,,,,,,,,
Ryan Dzingel,"LW,RW",SJ,72.3,,,,,,,,,,,,,,,,,,,,,,1.0
David Kampf,"C,RW",TOR,72.3,,,,,,,,,,,,,,,,,,,,,,1.0
Troy Stecher,D,EDM,72.1,,,,,,,,,,,,,,,,,,,,,,1.0
Evan Rodrigues,"C,RW",FLA,71.9,,,,,,,,,,,,,,,,,,,,,,
Rocco Grimaldi,"LW,RW",CAR,71.9,,,,,,,,,,,,,,,,,,,,,,
Jack Eichel,C,VGK,71.9,,,Miller Time,Ross,1,7,7.6,1.0,,,,,,,,,,,,,,62.0
Matt Duchene,"C,RW",DAL,71.2,,,Double Ogre Time,Jesse,22,173,158.9,0.91,,,,,,,,,,,,,,19.0
Dryden Hunt,LW,CGY,71.2,,,,,,,,,,,,,,,,,,,,,,1.0
Jake Virtanen,RW,EDM,71.0,,,,,,,,,,,,,,,,,,,,,,1.0
Jordie Benn,D,DAL,70.5,,,,,,,,,,,,,,,,,,,,,,
Jakub Zboril,D,NJ,70.4,,,,,,,,,,,,,,,,,,,,,,
Alexandar Georgiev,G,BUF,70.2,,,,,,,174.3,0.2,,,,,,,,,,,,,,20.0
Radim Simek,D,SJ,69.9,,,,,,,,,,,,,,,,,,,,,,
Matthew Benning,D,TOR,69.9,,,,,,,,,,,,,,,,,,,,,,
Leo Komarov,"C,LW,RW",NYI,69.9,,,,,,,,,,,,,,,,,,,,,,
Ross Colton,C,COL,69.7,,,,,,,,,,,,,,,,,,,,,,2.0
Chris Wagner,"LW,RW",STL,69.7,,,,,,,,,,,,,,,,,,,,,,1.0
Adam Boqvist,D,NYI,69.3,,,,,,,,,,,,,,,,,,,,,,5.0
Tyler Bozak,"C,RW",STL,69.3,,,,,,,,,,,,,,,,,,,,,,5.0
Ryan Carpenter,"C,RW",ANA,68.4,,,,,,,,,,,,,,,,,,,,,,
Tucker Poolman,D,COL,68.2,,,,,,,,,,,,,,,,,,,,,,
Jaret Anderson-Dolan,C,WPG,68.1,,,,,,,,,,,,,,,,,,,,,,
Sami Vatanen,D,NJ,67.9,,,,,,,,,,,,,,,,,,,,,,1.0
Ryan Lomberg,LW,CGY,67.8,,,,,,,,,,,,,,,,,,,,,,
Braden Holtby,G,DAL,67.6,,,Mitchell's Team,Mitchell,24,192,106.8,1.0,,,,,,,,,,,,,,44.0
Drake Caggiula,"LW,RW",EDM,67.6,,,,,,,,,,,,,,,,,,,,,,
Carter Hart,G,PHI,67.4,,,Goonsquad,Johnathan,7,53,31.0,1.0,,,,,,,,,,,,,,51.0
Sam Steel,C,DAL,67.3,,,,,,,,,,,,,,,,,,,,,,1.0
Jan Rutta,D,SJ,67.2,,,,,,,,,,,,,,,,,,,,,,
Jacob Larsson,D,OTT,66.7,,,,,,,,,,,,,,,,,,,,,,
John Leonard,"LW,RW",DET,66.3,,,,,,,,,,,,,,,,,,,,,,
Devan Dubnyk,G,COL,65.8,,,,,,,184.4,0.39,,,,,,,,,,,,,,23.0
Marc-Edouard Vlasic,D,SJ,65.4,,,,,,,,,,,,,,,,,,,,,,
Zach Bogosian,D,MIN,65.1,,,,,,,,,,,,,,,,,,,,,,1.0
Jimmy Vesey,"LW,RW",COL,65.0,,,,,,,,,,,,,,,,,,,,,,3.0
Brett Howden,"C,LW",VGK,65.0,,,,,,,,,,,,,,,,,,,,,,
Kyle Okposo,RW,BUF,64.7,,,,,,,,,,,,,,,,,,,,,,
Mark Jankowski,C,CAR,64.4,,,,,,,,,,,,,,,,,,,,,,
Eric Staal,C,FLA,64.0,,,,,,,171.3,0.09,,,,,,,,,,,,,,10.0
Erik Brannstrom,D,COL,63.9,,,,,,,,,,,,,,,,,,,,,,2.0
Teuvo Teravainen,"LW,RW",CHI,63.9,Mitchell's Team,Mitchell,Mitchell's Team,Mitchell,7,49,45.3,1.0,,,,,,,,,,,,,,75.0
Dylan Cozens,"C,RW",OTT,63.7,,,,,,,,,,,,,,,,,,,,,,4.0
Jon Merrill,D,MIN,63.5,,,,,,,,,,,,,,,,,,,,,,
Ville Husso,G,ANA,63.2,,,,,,,,,,,,,,,,,,,,,,3.0
Jeremy Swayman,G,BOS,63.2,,,,,,,,,,,,,,,,,,,,,,36.0
Jason Demers,D,EDM,63.2,,,,,,,,,,,,,,,,,,,,,,
Patrick Marleau,"C,LW,RW",SJ,62.7,,,,,,,,,,,,,,,,,,,,,,
Anton Stralman,D,BOS,62.5,,,,,,,,,,,,,,,,,,,,,,
Michael Bunting,LW,NSH,62.3,,,,,,,,,,,,,,,,,,,,,,3.0
Joel Kiviranta,RW,COL,62.3,,,,,,,,,,,,,,,,,,,,,,2.0
Anders Bjork,"LW,RW",CHI,62.3,,,,,,,,,,,,,,,,,,,,,,
Sam Lafferty,"C,RW",CHI,62.2,,,,,,,,,,,,,,,,,,,,,,
Blake Lizotte,C,PIT,62.0,,,,,,,,,,,,,,,,,,,,,,
Malcolm Subban,G,STL,61.8,,,,,,,163.1,0.03,,,,,,,,,,,,,,5.0
Oskar Sundqvist,"C,RW",STL,61.8,,,,,,,,,,,,,,,,,,,,,,1.0
Tobias Rieder,"C,LW,RW",BUF,61.7,,,,,,,,,,,,,,,,,,,,,,
Jake Bean,D,CGY,61.2,,,,,,,,,,,,,,,,,,,,,,1.0
Adam Gaudette,"C,RW",SJ,61.1,,,,,,,,,,,,,,,,,,,,,,
Jacob Bryson,D,BUF,60.1,,,,,,,,,,,,,,,,,,,,,,
Kevan Miller,D,BOS,59.7,,,,,,,,,,,,,,,,,,,,,,1.0
Steven Lorentz,"C,LW,RW",TOR,59.7,,,,,,,,,,,,,,,,,,,,,,
Travis Dermott,D,EDM,59.5,,,,,,,,,,,,,,,,,,,,,,1.0
Derek Ryan,C,EDM,59.4,,,,,,,,,,,,,,,,,,,,,,1.0
Noah Gregor,"C,LW,RW",FLA,59.4,,,,,,,,,,,,,,,,,,,,,,
Ben Hutton,D,VGK,59.3,,,,,,,,,,,,,,,,,,,,,,
Eetu Luostarinen,C,FLA,59.1,,,,,,,,,,,,,,,,,,,,,,
Petr Mrazek,G,ANA,59.0,Left Wing Lads,Ryan,Left Wing Lads,Ryan,20,153,88.9,1.0,,,,,,,,,,,,,,72.0
Olli Maatta,D,UTA,58.8,,,,,,,,,,,,,,,,,,,,,,
Laurent Brossoit,G,CHI,58.6,,,,,,,,,,,,,,,,,,,,,,7.0
Ben Harpur,D,FLA,58.4,,,,,,,,,,,,,,,,,,,,,,
John Hayden,"LW,RW",SEA,58.4,,,,,,,,,,,,,,,,,,,,,,
Trent Frederic,"C,LW",EDM,58.0,,,,,,,,,,,,,,,,,,,,,,1.0
Josh Manson,D,COL,57.9,,,,,,,,,,,,,,,,,,,,,,1.0
Brandon Carlo,D,TOR,57.9,,,,,,,168.9,0.02,,,,,,,,,,,,,,2.0
Joel Hanley,D,CGY,57.8,,,,,,,,,,,,,,,,,,,,,,
Markus Nutivaara,D,SJ,57.7,,,,,,,,,,,,,,,,,,,,,,
Trevor Zegras,"C,LW",PHI,57.6,,,,,,,163.9,0.02,,,,,,,,,,,,,,8.0
Mikhail Maltsev,LW,LA,57.6,,,,,,,,,,,,,,,,,,,,,,
Riley Sheahan,"C,LW,RW",BUF,57.4,,,,,,,,,,,,,,,,,,,,,,
James Neal,"LW,RW",STL,57.2,,,,,,,,,,,,,,,,,,,,,,1.0
Vincent Hinostroza,"C,RW",MIN,57.2,,,,,,,,,,,,,,,,,,,,,,
Tanner Jeannot,LW,BOS,57.2,,,,,,,,,,,,,,,,,,,,,,
Marcus Johansson,"C,LW,RW",MIN,57.0,,,,,,,,,,,,,,,,,,,,,,1.0
Tanner Kero,"C,LW",DAL,56.6,,,,,,,,,,,,,,,,,,,,,,
Josh Leivo,"LW,RW",STL,56.5,,,,,,,,,,,,,,,,,,,,,,1.0
Julien Gauthier,RW,NYI,56.2,,,,,,,,,,,,,,,,,,,,,,
Matthew Highmore,"LW,RW",NYI,56.1,,,,,,,,,,,,,,,,,,,,,,1.0
Tyler Ennis,"LW,RW",OTT,55.8,,,,,,,,,,,,,,,,,,,,,,
Antoine Roussel,LW,ARI,55.6,,,,,,,,,,,,,,,,,,,,,,1.0
David Rittich,G,NYI,55.4,,,,,,,162.9,0.02,,,,,,,,,,,,,,10.0
Mark Pysyk,"RW,D",ANA,55.2,,,,,,,,,,,,,,,,,,,,,,
Valtteri Filppula,C,DET,55.1,,,,,,,,,,,,,,,,,,,,,,1.0
Nate Thompson,"C,RW",PHI,55.0,,,,,,,,,,,,,,,,,,,,,,
Mathieu Olivier,RW,CBJ,54.9,,,,,,,,,,,,,,,,,,,,,,
Cal Foote,D,NJ,54.7,,,,,,,,,,,,,,,,,,,,,,
Juho Lammikko,"C,LW,RW",NJ,54.6,,,,,,,,,,,,,,,,,,,,,,
Erik Gustafsson,D,DET,54.5,,,,,,,170.9,0.05,,,,,,,,,,,,,,5.0
Nico Hischier,C,NJ,54.5,,,,,,,162.2,0.26,,,,,,,,,,,,,,23.0
Isac Lundestrom,"C,LW",CBJ,54.3,,,,,,,,,,,,,,,,,,,,,,
Libor Hajek,D,NYR,53.8,,,,,,,,,,,,,,,,,,,,,,
Mikhail Grigorenko,"C,LW",CBJ,53.8,,,,,,,,,,,,,,,,,,,,,,
Riley Nash,"C,LW,RW",NYR,53.1,,,,,,,,,,,,,,,,,,,,,,
Matt Nieto,"LW,RW",PIT,52.6,,,,,,,,,,,,,,,,,,,,,,
Niklas Hjalmarsson,D,ARI,52.2,,,,,,,,,,,,,,,,,,,,,,
Nolan Patrick,"C,RW",VGK,51.8,,,,,,,,,,,,,,,,,,,,,,2.0
Kevin Stenlund,"C,RW",UTA,51.8,,,,,,,,,,,,,,,,,,,,,,
Scott Wedgewood,G,COL,51.4,,,,,,,,,,,,,,,,,,,,,,3.0
Dean Kukan,D,CBJ,50.7,,,,,,,,,,,,,,,,,,,,,,
Will Butcher,D,PIT,50.3,,,,,,,,,,,,,,,,,,,,,,1.0
Rasmus Asplund,"C,RW",FLA,50.3,,,,,,,,,,,,,,,,,,,,,,
Antti Raanta,G,CAR,49.6,,,,,,,169.9,0.03,,,,,,,,,,,,,,5.0
Matt Irwin,D,VAN,49.4,,,,,,,,,,,,,,,,,,,,,,
Cody Eakin,C,CGY,49.3,,,,,,,,,,,,,,,,,,,,,,
Joshua Brown,D,EDM,49.1,,,,,,,,,,,,,,,,,,,,,,
Riley Stillman,D,EDM,49.1,,,,,,,,,,,,,,,,,,,,,,
Nikita Gusev,"LW,RW",NJ,48.8,,,,,,,178.8,0.09,,,,,,,,,,,,,,5.0
Tobias Bjornfot,D,FLA,48.3,,,,,,,,,,,,,,,,,,,,,,
Ty Dellandrea,"C,RW",SJ,48.2,,,,,,,,,,,,,,,,,,,,,,
Nick Merkley,"C,RW",SJ,47.9,,,,,,,,,,,,,,,,,,,,,,
Wyatt Kalynuk,D,STL,47.8,,,,,,,,,,,,,,,,,,,,,,
Brett Connolly,"LW,RW",CHI,47.7,,,,,,,,,,,,,,,,,,,,,,
Zack Kassian,RW,ARI,47.6,,,,,,,,,,,,,,,,,,,,,,2.0
Christian Djoos,D,DET,47.5,,,,,,,,,,,,,,,,,,,,,,
Logan O'Connor,RW,COL,47.2,,,,,,,,,,,,,,,,,,,,,,
Jonas Johansson,G,TB,47.2,,,,,,,,,,,,,,,,,,,,,,4.0
Morgan Geekie,C,BOS,47.1,,,,,,,,,,,,,,,,,,,,,,
Michael Stone,D,CGY,46.3,,,,,,,,,,,,,,,,,,,,,,1.0
Alexander Radulov,"LW,RW",DAL,46.1,,,Mitchell's Team,Mitchell,16,128,113.7,1.0,,,,,,,,,,,,,,37.0
Zack MacEwen,"C,RW",NJ,46.0,,,,,,,,,,,,,,,,,,,,,,1.0
Cody Glass,"C,RW",NJ,45.8,,,,,,,164.9,0.02,,,,,,,,,,,,,,3.0
Conor Timmins,D,BUF,45.4,,,,,,,,,,,,,,,,,,,,,,
Filip Gustavsson,G,MIN,45.4,,,,,,,,,,,,,,,,,,,,,,4.0
Jarred Tinordi,D,CGY,45.4,,,,,,,,,,,,,,,,,,,,,,
Travis Boyd,"C,RW",TOR,44.9,,,,,,,,,,,,,,,,,,,,,,1.0
Mark Borowiecki,D,NSH,44.6,,,,,,,171.1,0.07,,,,,,,,,,,,,,2.0
Victor Mete,D,PHI,44.6,,,,,,,,,,,,,,,,,,,,,,
Niko Mikkola,D,FLA,44.3,,,,,,,,,,,,,,,,,,,,,,
Nikita Nesterov,D,CGY,44.2,,,,,,,,,,,,,,,,,,,,,,1.0
Derek Stepan,C,CAR,44.0,,,,,,,,,,,,,,,,,,,,,,1.0
Dylan Coghlan,D,VGK,43.9,,,,,,,,,,,,,,,,,,,,,,
Dustin Tokarski,G,CAR,43.8,,,,,,,,,,,,,,,,,,,,,,5.0
Wade Allison,RW,PHI,43.3,,,,,,,,,,,,,,,,,,,,,,
Alex Formenton,LW,OTT,43.2,,,,,,,,,,,,,,,,,,,,,,
Frederick Gaudreau,C,SEA,43.2,,,,,,,,,,,,,,,,,,,,,,
Ian Mitchell,D,DET,43.2,,,,,,,,,,,,,,,,,,,,,,
Robert Thomas,"C,RW",STL,42.7,,,,,,,167.5,0.03,,,,,,,,,,,,,,3.0
Steven Kampfer,D,ARI,42.3,,,,,,,,,,,,,,,,,,,,,,
Mikko Lehtonen,D,TOR,42.2,,,,,,,174.0,0.03,,,,,,,,,,,,,,1.0
Alexandre Carrier,D,MTL,42.1,,,,,,,,,,,,,,,,,,,,,,
Kurtis MacDermid,D,OTT,41.8,,,,,,,,,,,,,,,,,,,,,,
Carter Rowney,"C,RW",DET,41.4,,,,,,,,,,,,,,,,,,,,,,
Anthony Angello,RW,NSH,40.8,,,,,,,,,,,,,,,,,,,,,,
Anthony Stolarz,G,TOR,40.6,,,,,,,,,,,,,,,,,,,,,,3.0
David Backes,"C,RW",ANA,39.8,,,,,,,,,,,,,,,,,,,,,,
Artem Anisimov,"C,LW",DET,39.7,,,,,,,,,,,,,,,,,,,,,,
Jesper Boqvist,"LW,RW",FLA,39.1,,,,,,,,,,,,,,,,,,,,,,
Jake Walman,D,EDM,38.7,,,,,,,,,,,,,,,,,,,,,,
Gaetan Haas,C,EDM,38.6,,,,,,,,,,,,,,,,,,,,,,
Caleb Jones,D,PIT,38.5,,,,,,,,,,,,,,,,,,,,,,
Kirby Dach,C,MTL,38.5,,,,,,,157.0,0.02,,,,,,,,,,,,,,12.0
Olli Juolevi,D,DET,38.3,,,,,,,,,,,,,,,,,,,,,,1.0
Sam Carrick,C,NYR,38.0,,,,,,,,,,,,,,,,,,,,,,
Nathan Beaulieu,D,ANA,37.5,,,,,,,,,,,,,,,,,,,,,,
Jayce Hawryluk,"LW,RW",VAN,37.3,,,,,,,,,,,,,,,,,,,,,,1.0
Ryan Miller,G,ANA,37.2,,,,,,,,,,,,,,,,,,,,,,5.0
Alexander Barabanov,RW,SJ,37.1,,,,,,,,,,,,,,,,,,,,,,2.0
Michael Hutchinson,G,NJ,36.8,,,,,,,,,,,,,,,,,,,,,,2.0
Jake Gardiner,D,CAR,36.7,,,,,,,,,,,,,,,,,,,,,,
Hampus Lindholm,D,BOS,36.3,,,,,,,,,,,,,,,,,,,,,,1.0
Evgeny Svechnikov,RW,SJ,36.3,,,,,,,,,,,,,,,,,,,,,,
Jamie Drysdale,D,PHI,36.2,,,,,,,,,,,,,,,,,,,,,,4.0
Matt Tennyson,D,SEA,35.4,,,,,,,,,,,,,,,,,,,,,,
Jay Beagle,C,ARI,35.2,,,,,,,,,,,,,,,,,,,,,,1.0
Frans Nielsen,"C,LW",DET,35.1,,,,,,,,,,,,,,,,,,,,,,
Evan Bouchard,D,EDM,35.0,,,,,,,,,,,,,,,,,,,,,,2.0
Rhett Gardner,"C,LW",PHI,34.9,,,,,,,,,,,,,,,,,,,,,,
Emil Bemstrom,RW,PIT,34.4,,,,,,,,,,,,,,,,,,,,,,
Pierre-Olivier Joseph,D,VAN,33.9,,,,,,,,,,,,,,,,,,,,,,1.0
Nick Holden,D,OTT,33.9,,,,,,,,,,,,,,,,,,,,,,
Michael Dal Colle,"LW,RW",NYI,33.5,,,,,,,,,,,,,,,,,,,,,,
Tyler Bertuzzi,"LW,RW",CHI,33.4,,,,,,,166.6,0.14,,,,,,,,,,,,,,14.0
Anton Forsberg,G,LA,33.0,,,,,,,,,,,,,,,,,,,,,,2.0
Kieffer Bellows,"LW,RW",NSH,33.0,,,,,,,,,,,,,,,,,,,,,,1.0
Kiefer Sherwood,RW,VAN,32.6,,,,,,,,,,,,,,,,,,,,,,
Mackenzie MacEachern,"LW,RW",VAN,32.3,,,,,,,,,,,,,,,,,,,,,,
Marcus Sorensen,"LW,RW",SJ,32.1,,,,,,,,,,,,,,,,,,,,,,
Trevor van Riemsdyk,D,WSH,31.7,,,,,,,,,,,,,,,,,,,,,,
Arttu Ruotsalainen,C,BUF,31.7,,,,,,,,,,,,,,,,,,,,,,
Bowen Byram,D,BUF,31.3,,,,,,,170.9,0.03,,,,,,,,,,,,,,5.0
Nicolas Beaudin,D,CHI,31.3,,,,,,,,,,,,,,,,,,,,,,
Nick Caamano,RW,DAL,31.3,,,,,,,,,,,,,,,,,,,,,,
Liam Foudy,"C,RW",NYI,31.2,,,,,,,,,,,,,,,,,,,,,,
Shane Pinto,C,OTT,30.4,,,,,,,,,,,,,,,,,,,,,,1.0
Chad Ruhwedel,D,NYR,29.9,,,,,,,,,,,,,,,,,,,,,,
Curtis McElhinney,G,TB,29.8,Left Wing Lads,Ryan,,,,,,,,,,,,,,,,,,,,10.0
Braydon Coburn,D,NYI,29.5,,,,,,,,,,,,,,,,,,,,,,
Josef Korenar,G,ARI,29.4,Mitchell's Team,Mitchell,,,,,,,,,,,,,,,,,,,,11.0
Lias Andersson,"C,LW",LA,29.0,,,,,,,,,,,,,,,,,,,,,,
Jake McCabe,D,TOR,28.8,,,,,,,,,,,,,,,,,,,,,,
Lane Pederson,C,PHI,28.4,,,,,,,,,,,,,,,,,,,,,,
Marcus Hogberg,G,NYI,28.4,,,,,,,,,,,,,,,,,,,,,,2.0
Karson Kuhlman,"C,RW",NYI,27.8,,,,,,,,,,,,,,,,,,,,,,
Keith Kinkaid,G,NYI,27.8,,,,,,,,,,,,,,,,,,,,,,1.0
Justin Dowling,C,NYR,27.8,,,,,,,,,,,,,,,,,,,,,,
Adam Brooks,C,PHI,27.4,,,,,,,,,,,,,,,,,,,,,,
Kale Clague,D,WPG,27.4,,,,,,,,,,,,,,,,,,,,,,
Givani Smith,"LW,RW",CAR,27.3,,,,,,,,,,,,,,,,,,,,,,
Andrew Shaw,"C,RW",CHI,27.1,,,,,,,,,,,,,,,,,,,,,,1.0
Kyle Turris,C,EDM,26.9,,,,,,,,,,,,,,,,,,,,,,
Cole Caufield,RW,MTL,26.7,Cam's Mustard Tigers,Cameron,,,,,,,,,,,,,,,,,,,,16.0
Mike Hardman,RW,NJ,26.6,,,,,,,,,,,,,,,,,,,,,,
Andrew Peeke,D,BOS,26.0,,,,,,,,,,,,,,,,,,,,,,
Clark Bishop,C,CGY,25.8,,,,,,,,,,,,,,,,,,,,,,
Samuel Morin,"LW,D",PHI,25.5,,,,,,,,,,,,,,,,,,,,,,
Brad Richardson,C,CGY,25.4,,,,,,,,,,,,,,,,,,,,,,
Greg Pateryn,D,ANA,24.8,,,,,,,,,,,,,,,,,,,,,,
Kyle Rau,"C,RW",MIN,24.7,,,,,,,,,,,,,,,,,,,,,,
Stefan Matteau,"LW,RW",CBJ,24.6,,,,,,,,,,,,,,,,,,,,,,
Alex Barre-Boulet,"C,RW",COL,24.6,Cam's Mustard Tigers,Cameron,,,,,,,,,,,,,,,,,,,,7.0
Kurtis Gabriel,RW,CHI,24.5,,,,,,,,,,,,,,,,,,,,,,
Carter Hutton,G,ARI,24.4,,,,,,,169.8,0.03,,,,,,,,,,,,,,3.0
Jack Johnson,D,MIN,23.7,,,,,,,,,,,,,,,,,,,,,,
Michael Amadio,C,OTT,23.7,,,,,,,,,,,,,,,,,,,,,,
Tyler Graovac,C,VAN,23.5,,,,,,,,,,,,,,,,,,,,,,1.0
Jack Studnicka,"C,RW",FLA,23.5,,,,,,,,,,,,,,,,,,,,,,1.0
Zac Dalpe,"C,RW",FLA,23.4,,,,,,,,,,,,,,,,,,,,,,
Matt Calvert,"LW,RW",COL,23.4,,,,,,,,,,,,,,,,,,,,,,
Slater Koekkoek,D,EDM,22.7,,,,,,,,,,,,,,,,,,,,,,
Spencer Knight,G,CHI,22.2,,,,,,,,,,,,,,,,,,,,,,10.0
Anthony Bitetto,D,NYR,22.2,,,,,,,,,,,,,,,,,,,,,,
Josh Mahura,D,SEA,22.2,,,,,,,,,,,,,,,,,,,,,,
Gustav Lindstrom,D,ANA,22.1,,,,,,,,,,,,,,,,,,,,,,
Ross Johnston,"LW,RW",ANA,22.1,,,,,,,,,,,,,,,,,,,,,,
Lucas Wallmark,C,CHI,21.8,,,,,,,,,,,,,,,,,,,,,,
Rasmus Sandin,D,WSH,21.8,,,,,,,,,,,,,,,,,,,,,,3.0
Vitali Kravtsov,RW,VAN,21.4,,,,,,,,,,,,,,,,,,,,,,2.0
Scott Harrington,D,OTT,21.3,,,,,,,,,,,,,,,,,,,,,,
Connor Carrick,D,EDM,21.2,,,,,,,,,,,,,,,,,,,,,,
Jack Rathbone,D,BUF,21.1,,,,,,,,,,,,,,,,,,,,,,1.0
Liam O'Brien,"C,LW",UTA,20.9,,,,,,,,,,,,,,,,,,,,,,
Gabriel Carlsson,D,WSH,20.8,,,,,,,,,,,,,,,,,,,,,,
Mark Friedman,D,VAN,20.5,,,,,,,,,,,,,,,,,,,,,,
Alex Biega,D,TOR,20.3,,,,,,,,,,,,,,,,,,,,,,
Collin Delia,G,EDM,20.0,,,,,,,,,,,,,,,,,,,,,,1.0
William Lagesson,D,DET,20.0,,,,,,,,,,,,,,,,,,,,,,
Connor Bunnaman,C,FLA,19.8,,,,,,,,,,,,,,,,,,,,,,
Dennis Cholowski,D,NJ,19.7,,,,,,,,,,,,,,,,,,,,,,
Mathias Brome,LW,DET,19.7,,,,,,,,,,,,,,,,,,,,,,
Dan Renouf,D,PIT,19.5,,,,,,,,,,,,,,,,,,,,,,
Joey Daccord,G,SEA,19.4,,,,,,,,,,,,,,,,,,,,,,
Austin Strand,D,NJ,19.0,,,,,,,,,,,,,,,,,,,,,,
Barrett Hayton,"C,LW",UTA,18.7,,,,,,,,,,,,,,,,,,,,,,1.0
Max McCormick,LW,SEA,18.7,,,,,,,,,,,,,,,,,,,,,,
Will Borgen,D,NYR,18.4,,,,,,,,,,,,,,,,,,,,,,
Jeremy Davies,D,VGK,18.3,,,,,,,,,,,,,,,,,,,,,,
Jacob de la Rose,"C,LW",STL,18.2,,,,,,,,,,,,,,,,,,,,,,
Zac Jones,D,BUF,18.2,,,,,,,,,,,,,,,,,,,,,,
Luke Johnson,C,MIN,18.1,,,,,,,,,,,,,,,,,,,,,,
Radim Zohorna,"C,LW",PIT,18.0,,,,,,,,,,,,,,,,,,,,,,
Grigori Denisenko,LW,VGK,17.7,,,,,,,,,,,,,,,,,,,,,,1.0
Michael Houser,G,BUF,17.4,,,,,,,,,,,,,,,,,,,,,,4.0
Urho Vaakanainen,D,NYR,17.3,,,,,,,,,,,,,,,,,,,,,,
Andy Welinski,D,FLA,16.8,,,,,,,,,,,,,,,,,,,,,,
Jayson Megna,"C,RW",COL,16.6,,,,,,,,,,,,,,,,,,,,,,
Anton Blidh,"LW,RW",NYR,16.1,,,,,,,,,,,,,,,,,,,,,,
Mattias Samuelsson,D,BUF,16.0,,,,,,,,,,,,,,,,,,,,,,
Jansen Harkins,LW,ANA,16.0,,,,,,,,,,,,,,,,,,,,,,
Ukko-Pekka Luukkonen,G,BUF,16.0,,,,,,,,,,,,,,,,,,,,,,3.0
Kevin Bahl,D,CGY,15.6,,,,,,,,,,,,,,,,,,,,,,
Steven Fogarty,"C,RW",MIN,15.6,,,,,,,,,,,,,,,,,,,,,,
Nathan Gerbe,"LW,RW",CBJ,15.6,,,,,,,,,,,,,,,,,,,,,,
Dan Vladar,G,PHI,15.4,,,,,,,,,,,,,,,,,,,,,,2.0
Carl Gunnarsson,D,STL,15.4,,,,,,,,,,,,,,,,,,,,,,
Gavin Bayreuther,D,CAR,15.3,,,,,,,,,,,,,,,,,,,,,,
Alex Lyon,G,BUF,15.2,,,,,,,,,,,,,,,,,,,,,,1.0
Dakota Joshua,C,TOR,15.1,,,,,,,,,,,,,,,,,,,,,,
Joel L'Esperance,"C,RW",DAL,14.6,,,,,,,,,,,,,,,,,,,,,,
Jordan Gross,D,NSH,14.1,,,,,,,,,,,,,,,,,,,,,,
Patrick Russell,RW,EDM,14.0,,,,,,,,,,,,,,,,,,,,,,
Matt Luff,RW,STL,13.8,,,,,,,,,,,,,,,,,,,,,,
Marian Studenic,RW,SEA,13.6,,,,,,,,,,,,,,,,,,,,,,
Rem Pitlick,C,EDM,13.5,,,,,,,,,,,,,,,,,,,,,,
Christian Wolanin,D,VAN,13.4,,,,,,,,,,,,,,,,,,,,,,
Alex Newhook,C,MTL,13.3,,,,,,,,,,,,,,,,,,,,,,1.0
Connor Mackey,D,NYR,13.3,,,,,,,,,,,,,,,,,,,,,,
Jonas Siegenthaler,D,NJ,13.1,,,,,,,,,,,,,,,,,,,,,,
Craig Anderson,G,BUF,13.0,,,,,,,,,,,,,,,,,,,,,,2.0
Nathan Walker,LW,STL,13.0,,,,,,,,,,,,,,,,,,,,,,
Ryan MacInnis,RW,BUF,12.9,,,,,,,,,,,,,,,,,,,,,,
Tyler Seguin,"C,RW",DAL,12.8,Miller Time,Ross,Miller Time,Ross,23,183,165.7,0.3,,,,,,,,,,,,,,65.0
MacKenzie Entwistle,RW,FLA,12.7,,,,,,,,,,,,,,,,,,,,,,
Kole Sherwood,RW,NSH,12.6,,,,,,,,,,,,,,,,,,,,,,
Thomas Hickey,D,NYI,12.5,,,,,,,,,,,,,,,,,,,,,,
Joel Kellman,C,SJ,12.5,,,,,,,,,,,,,,,,,,,,,,
Calvin Pickard,G,EDM,12.2,,,,,,,,,,,,,,,,,,,,,,
Kevin Connauton,D,UTA,12.0,,,,,,,,,,,,,,,,,,,,,,
Aleksi Heponiemi,C,FLA,11.9,,,,,,,,,,,,,,,,,,,,,,
Maxime Lagace,G,TB,11.8,,,,,,,,,,,,,,,,,,,,,,5.0
Steven Santini,D,TB,11.7,,,,,,,,,,,,,,,,,,,,,,
John Moore,D,BOS,11.7,,,,,,,,,,,,,,,,,,,,,,
Xavier Ouellet,D,PIT,11.5,,,,,,,,,,,,,,,,,,,,,,
Simon Benoit,D,TOR,11.3,,,,,,,,,,,,,,,,,,,,,,
Troy Grosenick,G,MIN,11.2,,,,,,,,,,,,,,,,,,,,,,1.0
Victor Soderstrom,D,BOS,11.0,,,,,,,,,,,,,,,,,,,,,,
Andreas Borgman,D,TB,11.0,,,,,,,,,,,,,,,,,,,,,,
Dylan Sikura,"LW,RW",COL,10.8,,,,,,,,,,,,,,,,,,,,,,
Joe Veleno,C,MTL,10.6,,,,,,,,,,,,,,,,,,,,,,1.0
Jalen Chatfield,D,CAR,10.5,,,,,,,,,,,,,,,,,,,,,,
Gemel Smith,"C,LW",DET,10.3,,,,,,,,,,,,,,,,,,,,,,
Taro Hirose,"LW,RW",DET,10.2,,,,,,,,,,,,,,,,,,,,,,
Reese Johnson,RW,TOR,10.2,,,,,,,,,,,,,,,,,,,,,,
Lucas Carlsson,D,SJ,10.1,,,,,,,,,,,,,,,,,,,,,,
Josh Dunne,C,BUF,9.9,,,,,,,,,,,,,,,,,,,,,,
Erik Johnson,D,COL,9.8,,,,,,,,,,,,,,,,,,,,,,1.0
Mikko Koivu,C,CBJ,9.6,,,,,,,,,,,,,,,,,,,,,,
Fredrik Handemark,C,SJ,9.5,,,,,,,,,,,,,,,,,,,,,,
Jan Jenik,RW,OTT,9.5,,,,,,,,,,,,,,,,,,,,,,
Sasha Chmelevski,C,SJ,9.4,,,,,,,,,,,,,,,,,,,,,,
Jeffrey Viel,LW,BOS,9.3,,,,,,,,,,,,,,,,,,,,,,
Morgan Barron,C,WPG,9.3,,,,,,,,,,,,,,,,,,,,,,
Nicolas Meloche,D,SJ,9.3,,,,,,,,,,,,,,,,,,,,,,
Kristian Vesalainen,"LW,RW",WPG,9.2,,,,,,,,,,,,,,,,,,,,,,
Byron Froese,"C,RW",VGK,9.1,,,,,,,,,,,,,,,,,,,,,,
Alexander True,C,FLA,8.9,,,,,,,,,,,,,,,,,,,,,,
Nolan Foote,LW,FLA,8.9,,,,,,,,,,,,,,,,,,,,,,
Gerry Mayhew,RW,FLA,8.9,,,,,,,,,,,,,,,,,,,,,,
Matiss Kivlenieks,G,CBJ,8.8,Left Wing Lads,Ryan,,,,,,,,,,,,,,,,,,,,6.0
Tomas Jurco,"LW,RW",VGK,8.8,,,,,,,,,,,,,,,,,,,,,,
Nate Prosser,D,PHI,8.7,,,,,,,,,,,,,,,,,,,,,,
Daniel Carr,"LW,RW",NSH,8.6,,,,,,,,,,,,,,,,,,,,,,
Brad Hunt,D,WSH,8.6,,,,,,,,,,,,,,,,,,,,,,
Matthew Peca,"C,LW,RW",STL,8.5,,,,,,,,,,,,,,,,,,,,,,
Kyle Burroughs,D,LA,8.5,,,,,,,,,,,,,,,,,,,,,,
Michael Chaput,"C,RW",PIT,8.5,,,,,,,,,,,,,,,,,,,,,,
Quinton Byfield,C,LA,8.5,,,,,,,162.6,0.02,,,,,,,,,,,,,,6.0
Andrew Agozzino,"C,LW",UTA,8.4,,,,,,,,,,,,,,,,,,,,,,
Fredrik Claesson,D,TB,8.4,,,,,,,,,,,,,,,,,,,,,,
Brandon Davidson,D,BUF,8.4,,,,,,,,,,,,,,,,,,,,,,
Zach Senyshyn,RW,OTT,8.3,,,,,,,,,,,,,,,,,,,,,,
Jonny Brodzinski,RW,NYR,8.2,,,,,,,,,,,,,,,,,,,,,,
Michael Frolik,"LW,RW",MTL,8.1,,,,,,,,,,,,,,,,,,,,,,
Tarmo Reunanen,D,NYR,8.1,,,,,,,,,,,,,,,,,,,,,,
Nicholas Robertson,LW,TOR,8.1,,,,,,,,,,,,,,,,,,,,,,3.0
Christian Jaros,D,CBJ,8.0,,,,,,,,,,,,,,,,,,,,,,
Buddy Robinson,RW,CHI,8.0,,,,,,,,,,,,,,,,,,,,,,
Dominik Simon,"LW,RW",ANA,8.0,,,,,,,,,,,,,,,,,,,,,,
Tony DeAngelo,D,NYI,7.8,,,Goonsquad,Johnathan,16,124,108.5,1.0,,,,,,,,,,,,,,18.0
Michael Sgarbossa,C,WSH,7.8,,,,,,,,,,,,,,,,,,,,,,
Carsen Twarynski,LW,VAN,7.7,,,,,,,,,,,,,,,,,,,,,,
Rasmus Kupari,C,WPG,7.7,,,,,,,,,,,,,,,,,,,,,,
Tyler Lewington,D,BOS,7.6,,,,,,,,,,,,,,,,,,,,,,
Marc Michaelis,LW,VAN,7.5,,,,,,,,,,,,,,,,,,,,,,
Drew O'Connor,LW,VAN,7.4,,,,,,,,,,,,,,,,,,,,,,
Nic Petan,"LW,RW",MIN,7.4,,,,,,,,,,,,,,,,,,,,,,
Aaron Dell,G,SJ,7.4,,,,,,,,,,,,,,,,,,,,,,1.0
Sebastian Aho,D,PIT,7.3,,,,,,,,,,,,,,,,,,,,,,
Glenn Gawdin,C,LA,7.1,,,,,,,,,,,,,,,,,,,,,,
Joseph Cramarossa,"C,LW",MIN,7.1,,,,,,,,,,,,,,,,,,,,,,
Ville Heinola,D,WPG,7.0,,,,,,,,,,,,,,,,,,,,,,1.0
Oskar Steen,C,BOS,6.7,,,,,,,,,,,,,,,,,,,,,,
Jacob Bernard-Docker,D,DET,6.6,,,,,,,,,,,,,,,,,,,,,,
Michael McCarron,"C,RW",NSH,6.5,,,,,,,,,,,,,,,,,,,,,,
Dakota Mermis,D,TOR,6.4,,,,,,,,,,,,,,,,,,,,,,
Greg McKegg,"C,LW",EDM,6.3,,,,,,,,,,,,,,,,,,,,,,
Eric Comrie,G,WPG,6.0,,,,,,,,,,,,,,,,,,,,,,
Oliver Kylington,D,CAR,5.9,,,,,,,,,,,,,,,,,,,,,,
Noah Juulsen,D,PHI,5.7,,,,,,,,,,,,,,,,,,,,,,
Patrick Brown,"C,RW",BOS,5.6,,,,,,,,,,,,,,,,,,,,,,
Antti Suomela,C,SJ,5.6,,,,,,,,,,,,,,,,,,,,,,
Parker Kelly,C,COL,5.5,,,,,,,,,,,,,,,,,,,,,,
Ryan McLeod,C,BUF,5.4,,,,,,,,,,,,,,,,,,,,,,
Vinni Lettieri,"C,RW",TOR,5.3,,,,,,,,,,,,,,,,,,,,,,
Tanner Laczynski,C,VGK,5.3,,,,,,,,,,,,,,,,,,,,,,
Zac Rinaldo,"C,LW",CGY,5.1,,,,,,,,,,,,,,,,,,,,,,
Klim Kostin,"C,LW",SJ,5.1,,,,,,,,,,,,,,,,,,,,,,
Christopher Gibson,G,SEA,5.0,,,,,,,,,,,,,,,,,,,,,,1.0
Tyce Thompson,RW,NYI,4.9,,,,,,,,,,,,,,,,,,,,,,
Ben Thomas,D,TB,4.9,,,,,,,,,,,,,,,,,,,,,,
Peyton Krebs,C,BUF,4.9,,,,,,,,,,,,,,,,,,,,,,1.0
Cayden Primeau,G,TOR,4.8,,,,,,,,,,,,,,,,,,,,,,2.0
Sonny Milano,LW,WSH,4.8,,,,,,,,,,,,,,,,,,,,,,
Matt Kiersted,D,MIN,4.8,,,,,,,,,,,,,,,,,,,,,,
Dominic Toninato,"C,LW",CHI,4.8,,,,,,,,,,,,,,,,,,,,,,
Joachim Blichfeld,"LW,RW",SJ,4.8,,,,,,,,,,,,,,,,,,,,,,
Adam Ruzicka,C,CGY,4.6,,,,,,,,,,,,,,,,,,,,,,
Stuart Skinner,G,EDM,4.6,,,,,,,,,,,,,,,,,,,,,,
Madison Bowey,D,NYR,4.5,,,,,,,,,,,,,,,,,,,,,,
Justin Richards,C,CBJ,4.5,,,,,,,,,,,,,,,,,,,,,,
Mitchell Stephens,C,SEA,4.3,,,,,,,,,,,,,,,,,,,,,,
Hudson Fasching,RW,CBJ,4.1,,,,,,,,,,,,,,,,,,,,,,
Kole Lind,RW,DAL,4.0,,,,,,,,,,,,,,,,,,,,,,
Oscar Dansk,G,ANA,4.0,,,,,,,,,,,,,,,,,,,,,,
Andy Andreoff,LW,NYI,3.8,,,,,,,,,,,,,,,,,,,,,,
Stefan Noesen,RW,NJ,3.6,,,,,,,,,,,,,,,,,,,,,,
Hunter Miska,G,COL,3.6,,,,,,,,,,,,,,,,,,,,,,
David Farrance,D,NSH,3.5,,,,,,,,,,,,,,,,,,,,,,
Micheal Haley,"C,LW",OTT,3.5,,,,,,,,,,,,,,,,,,,,,,
Alex Belzile,RW,MTL,3.5,,,,,,,,,,,,,,,,,,,,,,
Austin Poganski,RW,UTA,3.5,,,,,,,,,,,,,,,,,,,,,,
Jack Ahcan,D,COL,3.3,,,,,,,,,,,,,,,,,,,,,,
Arthur Kaliyev,RW,OTT,3.3,,,,,,,,,,,,,,,,,,,,,,1.0
Loui Eriksson,"LW,RW",ARI,3.3,,,,,,,,,,,,,,,,,,,,,,
Egor Zamula,D,PHI,3.3,,,,,,,,,,,,,,,,,,,,,,
Sheldon Dries,"C,LW",DET,3.3,,,,,,,,,,,,,,,,,,,,,,
Ivan Chekhovich,LW,SJ,3.3,,,,,,,,,,,,,,,,,,,,,,
Jackson Cates,C,CHI,3.3,,,,,,,,,,,,,,,,,,,,,,
Martin Kaut,RW,SJ,3.1,,,,,,,,,,,,,,,,,,,,,,
Alexei Melnichuk,G,SJ,3.0,,,,,,,,,,,,,,,,,,,,,,3.0
Joakim Nygard,LW,EDM,3.0,,,,,,,,,,,,,,,,,,,,,,
William Lockwood,RW,FLA,3.0,,,,,,,,,,,,,,,,,,,,,,
Timothy Liljegren,D,SJ,2.9,,,,,,,,,,,,,,,,,,,,,,
Calen Addison,D,NJ,2.8,,,,,,,,,,,,,,,,,,,,,,
Juuso Riikola,D,PIT,2.8,,,,,,,,,,,,,,,,,,,,,,
Brinson Pasichnuk,D,SJ,2.7,,,,,,,,,,,,,,,,,,,,,,
Brogan Rafferty,D,DET,2.7,,,,,,,,,,,,,,,,,,,,,,
Daniel Walcott,"LW,D",FLA,2.7,,,,,,,,,,,,,,,,,,,,,,
Brett Murray,LW,PIT,2.5,,,,,,,,,,,,,,,,,,,,,,
Ondrej Kase,RW,CAR,2.4,,,,,,,,,,,,,,,,,,,,,,1.0
Mark Alt,D,LA,2.4,,,,,,,,,,,,,,,,,,,,,,
Sheldon Rempal,"LW,RW",WSH,2.4,,,,,,,,,,,,,,,,,,,,,,
Alec Regula,D,EDM,2.3,,,,,,,,,,,,,,,,,,,,,,
Olle Alsing,D,OTT,2.3,,,,,,,,,,,,,,,,,,,,,,
Keaton Middleton,D,COL,2.3,,,,,,,,,,,,,,,,,,,,,,
Justin Bailey,"LW,RW",ANA,2.2,,,,,,,,,,,,,,,,,,,,,,
Tim Gettinger,LW,DET,2.2,,,,,,,,,,,,,,,,,,,,,,
Sami Niku,D,MTL,2.1,,,,,,,,,,,,,,,,,,,,,,
Luca Sbisa,D,NSH,2.0,,,,,,,,,,,,,,,,,,,,,,
Austin Czarnik,"LW,RW",DET,1.9,,,,,,,,,,,,,,,,,,,,,,
Louie Belpedio,D,WSH,1.9,,,,,,,,,,,,,,,,,,,,,,
Cameron Hughes,C,DAL,1.9,,,,,,,,,,,,,,,,,,,,,,
Sean Malone,C,NSH,1.9,,,,,,,,,,,,,,,,,,,,,,
Joey Anderson,RW,CHI,1.7,,,,,,,,,,,,,,,,,,,,,,
Drew Shore,C,CAR,1.5,,,,,,,,,,,,,,,,,,,,,,
Colton White,D,NJ,1.5,,,,,,,,,,,,,,,,,,,,,,
Lean Bergmann,LW,SJ,1.5,,,,,,,,,,,,,,,,,,,,,,
Kyle Capobianco,D,DAL,1.4,,,,,,,,,,,,,,,,,,,,,,
Filip Chlapik,"C,LW",OTT,1.3,,,,,,,,,,,,,,,,,,,,,,
Aaron Ness,D,WSH,1.2,,,,,,,,,,,,,,,,,,,,,,
Scott Sabourin,RW,TB,1.2,,,,,,,,,,,,,,,,,,,,,,
Frederik Gauthier,"C,RW",NJ,1.2,,,,,,,,,,,,,,,,,,,,,,
Guillaume Brisebois,D,VAN,1.2,,,,,,,,,,,,,,,,,,,,,,
Dennis Gilbert,D,PHI,1.2,,,,,,,,,,,,,,,,,,,,,,
C.J. Smith,LW,CAR,1.2,,,,,,,,,,,,,,,,,,,,,,
Cam York,D,PHI,1.1,,,,,,,,,,,,,,,,,,,,,,
Joakim Ryan,D,CAR,1.1,,,,,,,,,,,,,,,,,,,,,,
Matt Bartkowski,D,MIN,1.1,,,,,,,,,,,,,,,,,,,,,,
Brian Pinho,C,NYI,1.0,,,,,,,,,,,,,,,,,,,,,,
Louis Domingue,G,NYR,1.0,,,,,,,,,,,,,,,,,,,,,,2.0
Matthew Phillips,C,ANA,0.8,,,,,,,,,,,,,,,,,,,,,,
Joey Keane,D,SJ,0.7,,,,,,,,,,,,,,,,,,,,,,
Jake Middleton,D,MIN,0.6,,,,,,,,,,,,,,,,,,,,,,
Kasimir Kaskisuo,G,BOS,0.6,,,,,,,,,,,,,,,,,,,,,,
Yannick Weber,D,PIT,0.5,,,,,,,,,,,,,,,,,,,,,,
Kevin Czuczman,D,MIN,0.5,,,,,,,,,,,,,,,,,,,,,,
Drake Rymsha,C,LA,0.5,,,,,,,,,,,,,,,,,,,,,,
David Kase,LW,PHI,0.4,,,,,,,,,,,,,,,,,,,,,,
Logan Thompson,G,WSH,0.4,,,,,,,,,,,,,,,,,,,,,,
Cole Smith,LW,NSH,0.4,,,,,,,,,,,,,,,,,,,,,,
Connor McMichael,C,WSH,0.4,,,,,,,,,,,,,,,,,,,,,,1.0
Otto Leskinen,D,MTL,0.4,,,,,,,,,,,,,,,,,,,,,,
Jesse Ylonen,RW,TB,0.4,,,,,,,,,,,,,,,,,,,,,,
Brady Keeper,D,MTL,0.4,,,,,,,,,,,,,,,,,,,,,,
Maxim Sushko,RW,PHI,0.3,,,,,,,,,,,,,,,,,,,,,,
Jean-Sebastien Dea,"C,RW",ARI,0.3,,,,,,,,,,,,,,,,,,,,,,
Philippe Maillet,C,MTL,0.3,,,,,,,,,,,,,,,,,,,,,,
Dmytro Timashov,"LW,RW",NYI,0.2,,,,,,,,,,,,,,,,,,,,,,
Joona Luoto,LW,CBJ,0.0,,,,,,,,,,,,,,,,,,,,,,
Fedor Gordeev,D,MIN,0.0,,,,,,,,,,,,,,,,,,,,,,
Aliaksei Protas,C,WSH,0.0,,,,,,,,,,,,,,,,,,,,,,
Nathan Légaré,RW,NJ,0.0,,,,,,,,,,,,,,,,,,,,,,
Jack Dugan,LW,VGK,0.0,,,,,,,,,,,,,,,,,,,,,,
Moritz Seider,D,DET,0.0,,,,,,,,,,,,,,,,,,,,,,1.0
Skyler McKenzie,LW,WPG,0.0,,,,,,,,,,,,,,,,,,,,,,
Alexander Yelesin,D,CGY,0.0,,,,,,,,,,,,,,,,,,,,,,
Ben Jones,C,MIN,0.0,,,,,,,,,,,,,,,,,,,,,,
Cole Schwindt,RW,FLA,0.0,,,,,,,,,,,,,,,,,,,,,,
Petrus Palmu,"LW,RW",VAN,0.0,,,,,,,,,,,,,,,,,,,,,,
Pavel Koltygin,C,NSH,0.0,,,,,,,,,,,,,,,,,,,,,,
Max Gildon,D,FLA,0.0,,,,,,,,,,,,,,,,,,,,,,
Alex Turcotte,C,LA,0.0,,,,,,,,,,,,,,,,,,,,,,2.0
Adam Beckman,LW,NYI,0.0,,,,,,,,,,,,,,,,,,,,,,
Trenton Bourque,D,OTT,0.0,,,,,,,,,,,,,,,,,,,,,,
Jacob Golden,D,MIN,0.0,,,,,,,,,,,,,,,,,,,,,,
Cedric Pare,C,TOR,0.0,,,,,,,,,,,,,,,,,,,,,,
Samuel Asselin,C,NYI,0.0,,,,,,,,,,,,,,,,,,,,,,
Ryan McGregor,C,UTA,0.0,,,,,,,,,,,,,,,,,,,,,,
Jonas Rondbjerg,RW,VGK,0.0,,,,,,,,,,,,,,,,,,,,,,
Jonathan Davidsson,RW,OTT,0.0,,,,,,,,,,,,,,,,,,,,,,
Arnaud Durandeau,LW,NYI,0.0,,,,,,,,,,,,,,,,,,,,,,
Emil Larmi,G,PIT,0.0,,,,,,,,,,,,,,,,,,,,,,
Michael DiPietro,G,BOS,0.0,,,,,,,,,,,,,,,,,,,,,,1.0
Jiri Patera,G,VAN,0.0,,,,,,,,,,,,,,,,,,,,,,
Jacob McGrew,RW,SJ,0.0,,,,,,,,,,,,,,,,,,,,,,
Kirill Maksimov,RW,EDM,0.0,,,,,,,,,,,,,,,,,,,,,,
Olle Eriksson Ek,G,ANA,0.0,,,,,,,,,,,,,,,,,,,,,,
Jan Drozg,RW,PIT,0.0,,,,,,,,,,,,,,,,,,,,,,
Jordan Spence,D,OTT,0.0,,,,,,,,,,,,,,,,,,,,,,
Dylan McLaughlin,C,DET,0.0,,,,,,,,,,,,,,,,,,,,,,
William Reilly,D,PIT,0.0,,,,,,,,,,,,,,,,,,,,,,
Alex D'Orio,G,PIT,0.0,,,,,,,,,,,,,,,,,,,,,,
Dmitry Osipov,D,NJ,0.0,,,,,,,,,,,,,,,,,,,,,,
Robert Lantosi,RW,BOS,0.0,,,,,,,,,,,,,,,,,,,,,,
Jake Neighbours,LW,STL,0.0,,,,,,,,,,,,,,,,,,,,,,
Cooper Zech,D,CHI,0.0,,,,,,,,,,,,,,,,,,,,,,
Corey Schueneman,D,STL,0.0,,,,,,,,,,,,,,,,,,,,,,
Evan Weinger,RW,SJ,0.0,,,,,,,,,,,,,,,,,,,,,,
Arturs Silovs,G,PIT,0.0,,,,,,,,,,,,,,,,,,,,,,
Jimmy Schuldt,D,VAN,0.0,,,,,,,,,,,,,,,,,,,,,,
Nick Schilkey,RW,NYI,0.0,,,,,,,,,,,,,,,,,,,,,,
Dominik Shine,RW,DET,0.0,,,,,,,,,,,,,,,,,,,,,,
Rob Hamilton,D,COL,0.0,,,,,,,,,,,,,,,,,,,,,,
Greg Meireles,C,FLA,0.0,,,,,,,,,,,,,,,,,,,,,,
Luke Esposito,"C,LW",EDM,0.0,,,,,,,,,,,,,,,,,,,,,,
Antoine Morand,C,SJ,0.0,,,,,,,,,,,,,,,,,,,,,,
Isaac Johnson,LW,LA,0.0,,,,,,,,,,,,,,,,,,,,,,
Jayden Halbgewachs,LW,SJ,0.0,,,,,,,,,,,,,,,,,,,,,,
Bobby Nardella,D,WSH,0.0,,,,,,,,,,,,,,,,,,,,,,
Adam Johnson,C,PIT,0.0,,,,,,,,,,,,,,,,,,,,,,
Josh Wilkins,C,NSH,0.0,,,,,,,,,,,,,,,,,,,,,,
Tyler Angle,C,CBJ,0.0,,,,,,,,,,,,,,,,,,,,,,
Clint Windsor,G,TB,0.0,,,,,,,,,,,,,,,,,,,,,,
Carl-Johan Lerby,D,CGY,0.0,,,,,,,,,,,,,,,,,,,,,,
Reilly Walsh,D,LA,0.0,,,,,,,,,,,,,,,,,,,,,,
Michael Krutil,D,CHI,0.0,,,,,,,,,,,,,,,,,,,,,,
Evan Barratt,C,CHI,0.0,,,,,,,,,,,,,,,,,,,,,,
Jarid Lukosevicius,RW,VAN,0.0,,,,,,,,,,,,,,,,,,,,,,
Matt Abt,D,PIT,0.0,,,,,,,,,,,,,,,,,,,,,,
Nick Henry,RW,COL,0.0,,,,,,,,,,,,,,,,,,,,,,
Tristan Scherwey,LW,OTT,0.0,,,,,,,,,,,,,,,,,,,,,,
Kaden Fulcher,G,DET,0.0,,,,,,,,,,,,,,,,,,,,,,
Brayden Tracey,LW,ANA,0.0,,,,,,,,,,,,,,,,,,,,,,
Kirill Ustimenko,G,PHI,0.0,,,,,,,,,,,,,,,,,,,,,,
Maxim Zhukov,G,VGK,0.0,,,,,,,,,,,,,,,,,,,,,,
Nate Schnarr,C,ARI,0.0,,,,,,,,,,,,,,,,,,,,,,
Gage Goncalves,C,TB,0.0,,,,,,,,,,,,,,,,,,,,,,
Andrei Altybarmakian,RW,CHI,0.0,,,,,,,,,,,,,,,,,,,,,,
Matt Villalta,G,UTA,0.0,,,,,,,,,,,,,,,,,,,,,,
Stelio Mattheos,RW,CAR,0.0,,,,,,,,,,,,,,,,,,,,,,
Tyler Sheehy,C,MIN,0.0,,,,,,,,,,,,,,,,,,,,,,
Brad McClure,RW,DAL,0.0,,,,,,,,,,,,,,,,,,,,,,
Johnathan Kovacevic,D,NJ,0.0,,,,,,,,,,,,,,,,,,,,,,
Jakob Pelletier,LW,TB,0.0,,,,,,,,,,,,,,,,,,,,,,
Lane Zablocki,RW,DET,0.0,,,,,,,,,,,,,,,,,,,,,,
Alexei Lipanov,C,DAL,0.0,,,,,,,,,,,,,,,,,,,,,,
Benjamin Mirageas,D,NYI,0.0,,,,,,,,,,,,,,,,,,,,,,
Scott Walford,D,TB,0.0,,,,,,,,,,,,,,,,,,,,,,
Ryan Suzuki,C,CAR,0.0,,,,,,,,,,,,,,,,,,,,,,
Josh Atkinson,D,MIN,0.0,,,,,,,,,,,,,,,,,,,,,,
Ozzy Wiesblatt,RW,NSH,0.0,,,,,,,,,,,,,,,,,,,,,,
Philip Tomasino,C,PIT,0.0,,,,,,,,,,,,,,,,,,,,,,1.0
Raphael Lavoie,C,VGK,0.0,,,,,,,,,,,,,,,,,,,,,,
Kaedan Korczak,D,VGK,0.0,,,,,,,,,,,,,,,,,,,,,,
Leon Gawanke,D,SJ,0.0,,,,,,,,,,,,,,,,,,,,,,
Tobias Geisser,D,WSH,0.0,,,,,,,,,,,,,,,,,,,,,,
Hunter Jones,G,MTL,0.0,,,,,,,,,,,,,,,,,,,,,,
Tim Soderlund,"C,LW",EDM,0.0,,,,,,,,,,,,,,,,,,,,,,
Nikita Okhotiuk,D,SJ,0.0,,,,,,,,,,,,,,,,,,,,,,
Alexey Toropchenko,RW,STL,0.0,,,,,,,,,,,,,,,,,,,,,,
Ostap Safin,RW,EDM,0.0,,,,,,,,,,,,,,,,,,,,,,
Beck Warm,G,SJ,0.0,,,,,,,,,,,,,,,,,,,,,,
Markus Phillips,D,LA,0.0,,,,,,,,,,,,,,,,,,,,,,
Philip Broberg,D,STL,0.0,,,,,,,,,,,,,,,,,,,,,,1.0
Samuel Bolduc,D,LA,0.0,,,,,,,,,,,,,,,,,,,,,,
Jacob Perreault,RW,MTL,0.0,,,,,,,,,,,,,,,,,,,,,,
Dylan Ferguson,G,VAN,0.0,,,,,,,,,,,,,,,,,,,,,,
Lucas Elvenes,C,ANA,0.0,,,,,,,,,,,,,,,,,,,,,,
Tyler Steenbergen,LW,ARI,0.0,,,,,,,,,,,,,,,,,,,,,,
Jack Finley,C,TB,0.0,,,,,,,,,,,,,,,,,,,,,,
Cole Fraser,D,DET,0.0,,,,,,,,,,,,,,,,,,,,,,
Nikita Alexandrov,C,STL,0.0,,,,,,,,,,,,,,,,,,,,,,
Ian Scott,G,TOR,0.0,,,,,,,,,,,,,,,,,,,,,,
Brett Leason,RW,MIN,0.0,,,,,,,,,,,,,,,,,,,,,,
Sam Poulin,LW,PIT,0.0,,,,,,,,,,,,,,,,,,,,,,
Egor Afanasyev,LW,SJ,0.0,,,,,,,,,,,,,,,,,,,,,,
Lassi Thomson,D,OTT,0.0,,,,,,,,,,,,,,,,,,,,,,
Mason Shaw,C,WPG,0.0,,,,,,,,,,,,,,,,,,,,,,
Thomas Harley,D,DAL,0.0,,,,,,,,,,,,,,,,,,,,,,
Liam Hawel,C,CBJ,0.0,,,,,,,,,,,,,,,,,,,,,,
Jamieson Rees,C,OTT,0.0,,,,,,,,,,,,,,,,,,,,,,
Matthew Strome,LW,WSH,0.0,,,,,,,,,,,,,,,,,,,,,,
Tyler Spezia,LW,DET,0.0,,,,,,,,,,,,,,,,,,,,,,
Artemi Kniazev,D,SJ,0.0,,,,,,,,,,,,,,,,,,,,,,
Cale Morris,G,CHI,0.0,,,,,,,,,,,,,,,,,,,,,,
Matthew Robertson,D,NYR,0.0,,,,,,,,,,,,,,,,,,,,,,
Matt Boldy,LW,MIN,0.0,,,,,,,,,,,,,,,,,,,,,,
Noel Hoefenmayer,D,EDM,0.0,,,,,,,,,,,,,,,,,,,,,,
Samuel Fagemo,LW,WPG,0.0,,,,,,,,,,,,,,,,,,,,,,
Vladislav Kolyachonok,D,DAL,0.0,,,,,,,,,,,,,,,,,,,,,,
Dustin Wolf,G,CGY,0.0,,,,,,,,,,,,,,,,,,,,,,
Dillon Hamaliuk,LW,SJ,0.0,,,,,,,,,,,,,,,,,,,,,,
Tyler Madden,C,LA,0.0,,,,,,,,,,,,,,,,,,,,,,
Ty Lewis,LW,COL,0.0,,,,,,,,,,,,,,,,,,,,,,
Kevin Lynch,C,MTL,0.0,,,,,,,,,,,,,,,,,,,,,,
Jared McIsaac,D,DET,0.0,,,,,,,,,,,,,,,,,,,,,,
Alex Kannok-Leipert,D,DET,0.0,,,,,,,,,,,,,,,,,,,,,,
David Tendeck,G,STL,0.0,,,,,,,,,,,,,,,,,,,,,,
Kevin Mandolese,G,MTL,0.0,,,,,,,,,,,,,,,,,,,,,,
Damien Giroux,C,MIN,0.0,,,,,,,,,,,,,,,,,,,,,,
Brandon Biro,LW,SEA,0.0,,,,,,,,,,,,,,,,,,,,,,
Alexander Alexeyev,D,PIT,0.0,,,,,,,,,,,,,,,,,,,,,,
Connor Corcoran,D,EDM,0.0,,,,,,,,,,,,,,,,,,,,,,
Serron Noel,RW,FLA,0.0,,,,,,,,,,,,,,,,,,,,,,
Giovanni Vallati,D,CBJ,0.0,,,,,,,,,,,,,,,,,,,,,,
Jett Woo,D,VAN,0.0,,,,,,,,,,,,,,,,,,,,,,
Alexis Gravel,G,MTL,0.0,,,,,,,,,,,,,,,,,,,,,,
Nate Sucese,LW,ARI,0.0,,,,,,,,,,,,,,,,,,,,,,
Declan Chisholm,D,WSH,0.0,,,,,,,,,,,,,,,,,,,,,,
Bode Wilde,D,NYI,0.0,,,,,,,,,,,,,,,,,,,,,,
Filip Kral,D,PIT,0.0,,,,,,,,,,,,,,,,,,,,,,
Colton Poolman,D,BUF,0.0,,,,,,,,,,,,,,,,,,,,,,
Roman Durny,G,ANA,0.0,,,,,,,,,,,,,,,,,,,,,,
Dennis Busby,D,ARI,0.0,,,,,,,,,,,,,,,,,,,,,,
Brandon Saigeon,C,COL,0.0,,,,,,,,,,,,,,,,,,,,,,
Mikael Hakkarainen,C,CHI,0.0,,,,,,,,,,,,,,,,,,,,,,
Josh Maniscalco,D,CHI,0.0,,,,,,,,,,,,,,,,,,,,,,
Johan Sodergran,RW,LA,0.0,,,,,,,,,,,,,,,,,,,,,,
Henry Bowlby,C,COL,0.0,,,,,,,,,,,,,,,,,,,,,,
Zachary Emond,G,SJ,0.0,,,,,,,,,,,,,,,,,,,,,,
Jerad Rosburg,D,DAL,0.0,,,,,,,,,,,,,,,,,,,,,,
Eetu Pakkila,LW,NJ,0.0,,,,,,,,,,,,,,,,,,,,,,
Tyler Tucker,D,STL,0.0,,,,,,,,,,,,,,,,,,,,,,
Dmitry Zavgorodniy,LW,CGY,0.0,,,,,,,,,,,,,,,,,,,,,,
Christian Krygier,D,NYI,0.0,,,,,,,,,,,,,,,,,,,,,,
Liam Kirk,C,ARI,0.0,,,,,,,,,,,,,,,,,,,,,,
Xavier Bouchard,D,NSH,0.0,,,,,,,,,,,,,,,,,,,,,,
Shawn Boudrias,RW,MIN,0.0,,,,,,,,,,,,,,,,,,,,,,
Hunter Drew,D,NYI,0.0,,,,,,,,,,,,,,,,,,,,,,
Jacob Ingham,G,LA,0.0,,,,,,,,,,,,,,,,,,,,,,
Ryan Merkley,D,SJ,0.0,,,,,,,,,,,,,,,,,,,,,,
Patrick Khodorenko,C,NYR,0.0,,,,,,,,,,,,,,,,,,,,,,
Mitchell Hoelscher,C,NJ,0.0,,,,,,,,,,,,,,,,,,,,,,
Marcus Kallionkieli,LW,VGK,0.0,,,,,,,,,,,,,,,,,,,,,,
Mathias Laferriere,RW,STL,0.0,,,,,,,,,,,,,,,,,,,,,,
Dawson Barteaux,D,WPG,0.0,,,,,,,,,,,,,,,,,,,,,,
Cam Lee,D,PIT,0.0,,,,,,,,,,,,,,,,,,,,,,
Mathias Emilio Pettersen,C,CGY,0.0,,,,,,,,,,,,,,,,,,,,,,
Jesper Sellgren,D,CAR,0.0,,,,,,,,,,,,,,,,,,,,,,
Nick Wolff,D,ANA,0.0,,,,,,,,,,,,,,,,,,,,,,
Ruslan Iskhakov,C,NYI,0.0,,,,,,,,,,,,,,,,,,,,,,
Hugh McGing,LW,STL,0.0,,,,,,,,,,,,,,,,,,,,,,
Jordan Kooy,G,VGK,0.0,,,,,,,,,,,,,,,,,,,,,,
Dmitry Semykin,D,TB,0.0,,,,,,,,,,,,,,,,,,,,,,
Nico Gross,D,NYR,0.0,,,,,,,,,,,,,,,,,,,,,,
Luke Henman,C,SEA,0.0,,,,,,,,,,,,,,,,,,,,,,
Theodor Lennstrom,D,EDM,0.0,,,,,,,,,,,,,,,,,,,,,,
Sean Durzi,D,UTA,0.0,,,,,,,,,,,,,,,,,,,,,,
Vasili Demchenko,G,MTL,0.0,,,,,,,,,,,,,,,,,,,,,,
Jonathan Gruden,C,NJ,0.0,,,,,,,,,,,,,,,,,,,,,,
Matej Pekar,C,BUF,0.0,,,,,,,,,,,,,,,,,,,,,,
Riley Sutter,RW,WSH,0.0,,,,,,,,,,,,,,,,,,,,,,
Connor Dewar,C,PIT,0.0,,,,,,,,,,,,,,,,,,,,,,
Alexander Khovanov,C,MIN,0.0,,,,,,,,,,,,,,,,,,,,,,
Jacob Pivonka,C,NYI,0.0,,,,,,,,,,,,,,,,,,,,,,
Lukas Dostal,G,ANA,0.0,,,,,,,,,,,,,,,,,,,,,,
Bo Groulx,C,TOR,0.0,,,,,,,,,,,,,,,,,,,,,,
Riley Stotts,C,TOR,0.0,,,,,,,,,,,,,,,,,,,,,,
Axel Andersson,D,ANA,0.0,,,,,,,,,,,,,,,,,,,,,,
Gabriel Fortier,LW,TB,0.0,,,,,,,,,,,,,,,,,,,,,,
Jakub Lauko,C,BOS,0.0,,,,,,,,,,,,,,,,,,,,,,
Olivier Rodrigue,G,EDM,0.0,,,,,,,,,,,,,,,,,,,,,,
Semyon Der-Arguchintsev,C,TOR,0.0,,,,,,,,,,,,,,,,,,,,,,
Jakub Skarek,G,SJ,0.0,,,,,,,,,,,,,,,,,,,,,,
Linus Sandin,RW,PHI,0.0,,,,,,,,,,,,,,,,,,,,,,
Martin Pospisil,C,CGY,0.0,,,,,,,,,,,,,,,,,,,,,,
Riley Damiani,C,DAL,0.0,,,,,,,,,,,,,,,,,,,,,,
Wyatte Wylie,D,MTL,0.0,,,,,,,,,,,,,,,,,,,,,,
Akira Schmid,G,VGK,0.0,,,,,,,,,,,,,,,,,,,,,,
Matej Chalupa,RW,CHI,0.0,,,,,,,,,,,,,,,,,,,,,,
Blade Jenkins,LW,NYR,0.0,,,,,,,,,,,,,,,,,,,,,,
Austin Rueschhoff,RW,PIT,0.0,,,,,,,,,,,,,,,,,,,,,,
Scott Perunovich,D,UTA,0.0,,,,,,,,,,,,,,,,,,,,,,
Martin Fehervary,D,WSH,0.0,,,,,,,,,,,,,,,,,,,,,,
Jason Cotton,C,CAR,0.0,,,,,,,,,,,,,,,,,,,,,,
Kody Clark,RW,WSH,0.0,,,,,,,,,,,,,,,,,,,,,,
Justin Almeida,C,PIT,0.0,,,,,,,,,,,,,,,,,,,,,,
Milos Roman,C,CGY,0.0,,,,,,,,,,,,,,,,,,,,,,
Curtis Douglas,C,TB,0.0,,,,,,,,,,,,,,,,,,,,,,
Akil Thomas,C,LA,0.0,,,,,,,,,,,,,,,,,,,,,,
Alex Green,D,MTL,0.0,,,,,,,,,,,,,,,,,,,,,,
Roddy Ross,G,PHI,0.0,,,,,,,,,,,,,,,,,,,,,,
Mitchell Chaffee,RW,TB,0.0,,,,,,,,,,,,,,,,,,,,,,
Mac Hollowell,D,PIT,0.0,,,,,,,,,,,,,,,,,,,,,,
Paul Cotter,C,NJ,0.0,,,,,,,,,,,,,,,,,,,,,,
Aidan Dudas,C,LA,0.0,,,,,,,,,,,,,,,,,,,,,,
Xavier Bernard,D,NJ,0.0,,,,,,,,,,,,,,,,,,,,,,
Joel Hofer,G,STL,0.0,,,,,,,,,,,,,,,,,,,,,,
Trey Fix-Wolansky,RW,NYR,0.0,,,,,,,,,,,,,,,,,,,,,,
Zachary Bouthillier,G,TOR,0.0,,,,,,,,,,,,,,,,,,,,,,
Mark Simpson,C,CGY,0.0,,,,,,,,,,,,,,,,,,,,,,
Cole Coskey,RW,NYI,0.0,,,,,,,,,,,,,,,,,,,,,,
Max Veronneau,RW,OTT,0.0,,,,,,,,,,,,,,,,,,,,,,
Jacob Lucchini,LW,NSH,0.0,,,,,,,,,,,,,,,,,,,,,,
Jeremy McKenna,RW,TOR,0.0,,,,,,,,,,,,,,,,,,,,,,
Mason Morelli,LW,VGK,0.0,,,,,,,,,,,,,,,,,,,,,,
Mark Kastelic,C,BOS,0.0,,,,,,,,,,,,,,,,,,,,,,
Jimmy Huntington,C,SJ,0.0,,,,,,,,,,,,,,,,,,,,,,
Mitch Eliot,D,BUF,0.0,,,,,,,,,,,,,,,,,,,,,,
Ryan Schmelzer,RW,NJ,0.0,,,,,,,,,,,,,,,,,,,,,,
Jeremy Groleau,D,NJ,0.0,,,,,,,,,,,,,,,,,,,,,,
Kristian Reichel,C,WPG,0.0,,,,,,,,,,,,,,,,,,,,,,
Hugo Roy,C,NSH,0.0,,,,,,,,,,,,,,,,,,,,,,
Kyle Topping,C,SJ,0.0,,,,,,,,,,,,,,,,,,,,,,
Brayden Pachal,D,CGY,0.0,,,,,,,,,,,,,,,,,,,,,,
Jake Christiansen,D,CBJ,0.0,,,,,,,,,,,,,,,,,,,,,,
Gregor MacLeod,C,DET,0.0,,,,,,,,,,,,,,,,,,,,,,
Kaiden Guhle,D,MTL,0.0,,,,,,,,,,,,,,,,,,,,,,
Seth Jarvis,C,CAR,0.0,,,,,,,,,,,,,,,,,,,,,,
Cole Perfetti,C,WPG,0.0,,,,,,,,,,,,,,,,,,,,,,1.0
Jonathan Aspirot,D,BOS,0.0,,,,,,,,,,,,,,,,,,,,,,
Kristians Rubins,D,TOR,0.0,,,,,,,,,,,,,,,,,,,,,,
Yegor Chinakhov,RW,CBJ,0.0,,,,,,,,,,,,,,,,,,,,,,
Ryan Kuffner,LW,DET,0.0,,,,,,,,,,,,,,,,,,,,,,
Scott Pooley,RW,TOR,0.0,,,,,,,,,,,,,,,,,,,,,,
Patrick Newell,LW,NYR,0.0,,,,,,,,,,,,,,,,,,,,,,
Connor Zary,C,CGY,0.0,,,,,,,,,,,,,,,,,,,,,,
Mason Jobst,C,BUF,0.0,,,,,,,,,,,,,,,,,,,,,,
Dereck Baribeau,G,MIN,0.0,,,,,,,,,,,,,,,,,,,,,,
Jordy Bellerive,C,PHI,0.0,,,,,,,,,,,,,,,,,,,,,,
Sam Miletic,LW,CAR,0.0,,,,,,,,,,,,,,,,,,,,,,
Jeff Kubiak,C,NYI,0.0,,,,,,,,,,,,,,,,,,,,,,
Travis St. Denis,RW,NYI,0.0,,,,,,,,,,,,,,,,,,,,,,
Jake Kielly,G,VAN,0.0,,,,,,,,,,,,,,,,,,,,,,
Tyson Foerster,RW,PHI,0.0,,,,,,,,,,,,,,,,,,,,,,
Brady Lyle,D,CGY,0.0,,,,,,,,,,,,,,,,,,,,,,
Thomas Gregoire,D,SJ,0.0,,,,,,,,,,,,,,,,,,,,,,
Robert Carpenter,LW,NSH,0.0,,,,,,,,,,,,,,,,,,,,,,
Grant Hutton,D,NYI,0.0,,,,,,,,,,,,,,,,,,,,,,
Josh Melnick,RW,DAL,0.0,,,,,,,,,,,,,,,,,,,,,,
Joe Snively,LW,DET,0.0,,,,,,,,,,,,,,,,,,,,,,
Hendrix Lapierre,C,WSH,0.0,,,,,,,,,,,,,,,,,,,,,,
Jake Elmer,RW,NYR,0.0,,,,,,,,,,,,,,,,,,,,,,
Kyle Keyser,G,COL,0.0,,,,,,,,,,,,,,,,,,,,,,
Joseph Duszak,D,STL,0.0,,,,,,,,,,,,,,,,,,,,,,
Josh Teves,D,VAN,0.0,,,,,,,,,,,,,,,,,,,,,,
Cole Kehler,G,WPG,0.0,,,,,,,,,,,,,,,,,,,,,,
Kevin Davis,D,COL,0.0,,,,,,,,,,,,,,,,,,,,,,
Pavel Shen,"C,LW",BOS,0.0,,,,,,,,,,,,,,,,,,,,,,
Patrik Rybar,G,DET,0.0,,,,,,,,,,,,,,,,,,,,,,
Scott Moldenhauer,D,ANA,0.0,,,,,,,,,,,,,,,,,,,,,,
Zack Hayes,D,NSH,0.0,,,,,,,,,,,,,,,,,,,,,,
Matthew Weis,C,WSH,0.0,,,,,,,,,,,,,,,,,,,,,,
Pavel Francouz,G,COL,0.0,,,Goonsquad,Johnathan,19,149,88.7,1.0,,,,,,,,,,,,,,24.0
Lawrence Pilut,D,BUF,0.0,,,,,,,,,,,,,,,,,,,,,,
Rafael Harvey-Pinard,LW,PIT,0.0,,,,,,,,,,,,,,,,,,,,,,
Par Lindholm,"C,LW",BOS,0.0,,,,,,,,,,,,,,,,,,,,,,
Mitch McLain,C,VGK,0.0,,,,,,,,,,,,,,,,,,,,,,
Egor Sokolov,LW,UTA,0.0,,,,,,,,,,,,,,,,,,,,,,
Tanner MacMaster,LW,PHI,0.0,,,,,,,,,,,,,,,,,,,,,,
Colt Conrad,C,VGK,0.0,,,,,,,,,,,,,,,,,,,,,,
Joel Messner,D,BOS,0.0,,,,,,,,,,,,,,,,,,,,,,
Lucas Raymond,LW,DET,0.0,,,,,,,,,,,,,,,,,,,,,,2.0
Ryan Wagner,LW,COL,0.0,,,,,,,,,,,,,,,,,,,,,,
Vladislav Kotkov,LW,SJ,0.0,,,,,,,,,,,,,,,,,,,,,,
Zachary Magwood,C,OTT,0.0,,,,,,,,,,,,,,,,,,,,,,
Erik Brown,LW,NYI,0.0,,,,,,,,,,,,,,,,,,,,,,
Yegor Rykov,D,NYR,0.0,,,,,,,,,,,,,,,,,,,,,,
Eric Florchuk,C,WSH,0.0,,,,,,,,,,,,,,,,,,,,,,
David Ayres,G,CAR,0.0,,,,,,,,,,,,,,,,,,,,,,1.0
Joel Teasdale,LW,TB,0.0,,,,,,,,,,,,,,,,,,,,,,
Andrew Oglevie,C,BUF,0.0,,,,,,,,,,,,,,,,,,,,,,
Aaron Luchuk,C,MTL,0.0,,,,,,,,,,,,,,,,,,,,,,
Arvin Atwal,D,NSH,0.0,,,,,,,,,,,,,,,,,,,,,,
Marco Rossi,C,MIN,0.0,,,,,,,,,,,,,,,,,,,,,,2.0
Jack Quinn,RW,BUF,0.0,,,,,,,,,,,,,,,,,,,,,,1.0
Matt Register,D,MIN,0.0,,,,,,,,,,,,,,,,,,,,,,
Alexander Holtz,RW,VGK,0.0,,,,,,,,,,,,,,,,,,,,,,1.0
Derek Sheppard,D,CAR,0.0,,,,,,,,,,,,,,,,,,,,,,
Maxim Golod,LW,ANA,0.0,,,,,,,,,,,,,,,,,,,,,,
Logan Day,D,WSH,0.0,,,,,,,,,,,,,,,,,,,,,,
Peter Tischke,D,BUF,0.0,,,,,,,,,,,,,,,,,,,,,,
Joe Cox,RW,MTL,0.0,,,,,,,,,,,,,,,,,,,,,,
Nathan Todd,C,SJ,0.0,,,,,,,,,,,,,,,,,,,,,,
Cameron Schilling,D,WPG,0.0,,,,,,,,,,,,,,,,,,,,,,
Tommy Cross,D,BOS,0.0,,,,,,,,,,,,,,,,,,,,,,
Rob O'Gara,D,BOS,0.0,,,,,,,,,,,,,,,,,,,,,,
Paul Carey,"LW,RW",BOS,0.0,,,,,,,,,,,,,,,,,,,,,,
Derrick Pouliot,D,NYR,0.0,,,,,,,,,,,,,,,,,,,,,,
Zemgus Girgensons,"LW,RW",TB,0.0,,,,,,,,,,,,,,,,,,,,,,
Jordan Schmaltz,D,STL,0.0,,,,,,,,,,,,,,,,,,,,,,
Brendan Gaunce,"C,LW",CBJ,0.0,,,,,,,,,,,,,,,,,,,,,,
Ben Street,"C,LW",NJ,0.0,,,,,,,,,,,,,,,,,,,,,,
Nicolas Kerdiles,LW,ANA,0.0,,,,,,,,,,,,,,,,,,,,,,
Dylan Blujus,D,VAN,0.0,,,,,,,,,,,,,,,,,,,,,,
Patrick Sieloff,D,OTT,0.0,,,,,,,,,,,,,,,,,,,,,,
Sam Kurker,RW,STL,0.0,,,,,,,,,,,,,,,,,,,,,,
Boo Nieves,"C,LW",TB,0.0,,,,,,,,,,,,,,,,,,,,,,
Jon Gillies,G,TOR,0.0,,,,,,,,,,,,,,,,,,,,,,
Eddie Wittchow,D,SEA,0.0,,,,,,,,,,,,,,,,,,,,,,
Joel Lowry,LW,LA,0.0,,,,,,,,,,,,,,,,,,,,,,
Kevin Roy,"LW,RW",ANA,0.0,,,,,,,,,,,,,,,,,,,,,,
Tyler Wotherspoon,D,MTL,0.0,,,,,,,,,,,,,,,,,,,,,,
Garrett Wilson,"LW,RW",PHI,0.0,,,,,,,,,,,,,,,,,,,,,,
Duncan Siemens,D,COL,0.0,,,,,,,,,,,,,,,,,,,,,,
Ryan Murphy,D,NJ,0.0,,,,,,,,,,,,,,,,,,,,,,
Sven Baertschi,LW,VGK,0.0,,,,,,,,,,,,,,,,,,,,,,
Oscar Klefbom,D,EDM,0.0,,,,,,,,,,,,,,,,,,,,,,2.0
Joe Morrow,D,WPG,0.0,,,,,,,,,,,,,,,,,,,,,,
Matt Puempel,LW,DET,0.0,,,,,,,,,,,,,,,,,,,,,,
Stuart Percy,D,TOR,0.0,,,,,,,,,,,,,,,,,,,,,,
Ty Rattie,"LW,RW",EDM,0.0,,,,,,,,,,,,,,,,,,,,,,
Adam Clendening,D,CBJ,0.0,,,,,,,,,,,,,,,,,,,,,,
Miikka Salomaki,"LW,RW",COL,0.0,,,,,,,,,,,,,,,,,,,,,,
Ryan Sproul,D,NYR,0.0,,,,,,,,,,,,,,,,,,,,,,
Nikita Kucherov,RW,TB,0.0,,,,,,,26.9,0.23,,,,,,,,,,,,,,36.0
Nick Seeler,D,PHI,0.0,,,,,,,,,,,,,,,,,,,,,,
Mario Lucia,LW,NJ,0.0,,,,,,,,,,,,,,,,,,,,,,
Shane Prince,"LW,RW",NYI,0.0,,,,,,,,,,,,,,,,,,,,,,
T.J. Tynan,RW,COL,0.0,,,,,,,,,,,,,,,,,,,,,,
Keegan Lowe,D,EDM,0.0,,,,,,,,,,,,,,,,,,,,,,
Logan Shaw,"LW,RW",TOR,0.0,,,,,,,,,,,,,,,,,,,,,,
Daniel Catenacci,C,NYR,0.0,,,,,,,,,,,,,,,,,,,,,,
Klas Dahlbeck,D,CAR,0.0,,,,,,,,,,,,,,,,,,,,,,1.0
Nicholas Shore,C,CAR,0.0,,,,,,,,,,,,,,,,,,,,,,
Robbie Russo,D,UTA,0.0,,,,,,,,,,,,,,,,,,,,,,
Josiah Didier,D,DET,0.0,,,,,,,,,,,,,,,,,,,,,,
Yannick Veilleux,LW,VAN,0.0,,,,,,,,,,,,,,,,,,,,,,
Olivier Archambault,LW,MIN,0.0,,,,,,,,,,,,,,,,,,,,,,
Kale Kessy,LW,TB,0.0,,,,,,,,,,,,,,,,,,,,,,
Ben Thomson,LW,NJ,0.0,,,,,,,,,,,,,,,,,,,,,,
Thomas Di Pauli,RW,PIT,0.0,,,,,,,,,,,,,,,,,,,,,,
Brad Malone,"C,LW",EDM,0.0,,,,,,,,,,,,,,,,,,,,,,
Mason Geertsen,D,BUF,0.0,,,,,,,,,,,,,,,,,,,,,,
Laurent Dauphin,"C,LW",MTL,0.0,,,,,,,,,,,,,,,,,,,,,,
Remi Elie,LW,TB,0.0,,,,,,,,,,,,,,,,,,,,,,
Gustav Olofsson,D,SEA,0.0,,,,,,,,,,,,,,,,,,,,,,
Zach Nastasiuk,"C,RW",DET,0.0,,,,,,,,,,,,,,,,,,,,,,
Carl Dahlstrom,D,TOR,0.0,,,,,,,,,,,,,,,,,,,,,,
Philippe Desrosiers,G,MTL,0.0,,,,,,,,,,,,,,,,,,,,,,
Spencer Martin,G,CAR,0.0,,,,,,,,,,,,,,,,,,,,,,
Nicholas Baptiste,RW,NSH,0.0,,,,,,,,,,,,,,,,,,,,,,
Tyrell Goulbourne,LW,PHI,0.0,,,,,,,,,,,,,,,,,,,,,,
Cole Cassels,C,VAN,0.0,,,,,,,,,,,,,,,,,,,,,,
Keaton Thompson,D,ANA,0.0,,,,,,,,,,,,,,,,,,,,,,
Peter Cehlarik,LW,BOS,0.0,,,,,,,,,,,,,,,,,,,,,,
Felix Girard,C,NSH,0.0,,,,,,,,,,,,,,,,,,,,,,
Zach Fucale,G,WSH,0.0,,,,,,,,,,,,,,,,,,,,,,
Tobias Lindberg,RW,TOR,0.0,,,,,,,,,,,,,,,,,,,,,,
Nick Moutrey,C,CBJ,0.0,,,,,,,,,,,,,,,,,,,,,,
David Pope,LW,DET,0.0,,,,,,,,,,,,,,,,,,,,,,
Ryan Fitzgerald,C,PHI,0.0,,,,,,,,,,,,,,,,,,,,,,
Cole Ully,LW,WSH,0.0,,,,,,,,,,,,,,,,,,,,,,
Teemu Kivihalme,D,TOR,0.0,,,,,,,,,,,,,,,,,,,,,,
Anton Cederholm,D,VAN,0.0,,,,,,,,,,,,,,,,,,,,,,
Antoine Bibeau,G,DAL,0.0,,,,,,,,,,,,,,,,,,,,,,
Jeremy Gregoire,C,DAL,0.0,,,,,,,,,,,,,,,,,,,,,,
Zachary Leslie,D,LA,0.0,,,,,,,,,,,,,,,,,,,,,,
Blaine Byron,C,LA,0.0,,,,,,,,,,,,,,,,,,,,,,
Anthony Louis,C,CHI,0.0,,,,,,,,,,,,,,,,,,,,,,
Valentin Zykov,"LW,RW",VGK,0.0,,,,,,,,,,,,,,,,,,,,,,
Chris Bigras,D,COL,0.0,,,,,,,,,,,,,,,,,,,,,,
Trevor Carrick,D,FLA,0.0,,,,,,,,,,,,,,,,,,,,,,
Jake Bischoff,D,VGK,0.0,,,,,,,,,,,,,,,,,,,,,,
Taylor Leier,LW,PHI,0.0,,,,,,,,,,,,,,,,,,,,,,
Joey LaLeggia,D,EDM,0.0,,,,,,,,,,,,,,,,,,,,,,
Ryan Culkin,D,MTL,0.0,,,,,,,,,,,,,,,,,,,,,,
Doyle Somerby,D,NYI,0.0,,,,,,,,,,,,,,,,,,,,,,
Seth Griffith,"C,LW",EDM,0.0,,,,,,,,,,,,,,,,,,,,,,
Danny O'Regan,C,DET,0.0,,,,,,,,,,,,,,,,,,,,,,
Reece Willcox,D,PHI,0.0,,,,,,,,,,,,,,,,,,,,,,
Jake Dotchin,D,ANA,0.0,,,,,,,,,,,,,,,,,,,,,,
Joseph Blandisi,"C,LW",TOR,0.0,,,,,,,,,,,,,,,,,,,,,,
Francois Brassard,G,OTT,0.0,,,,,,,,,,,,,,,,,,,,,,
Riley Barber,RW,DET,0.0,,,,,,,,,,,,,,,,,,,,,,
Paul LaDue,D,NYI,0.0,,,,,,,,,,,,,,,,,,,,,,
Matt Tomkins,G,EDM,0.0,,,,,,,,,,,,,,,,,,,,,,
Ian McCoshen,D,CHI,0.0,,,,,,,,,,,,,,,,,,,,,,
Jaycob Megna,D,VGK,0.0,,,,,,,,,,,,,,,,,,,,,,
Andrew Hammond,G,MIN,0.0,,,,,,,,,,,,,,,,,,,,,,
Chris Casto,D,VGK,0.0,,,,,,,,,,,,,,,,,,,,,,
Luke Witkowski,"RW,D",DET,0.0,,,,,,,,,,,,,,,,,,,,,,
Tim Schaller,"C,LW",VAN,0.0,,,,,,,,,,,,,,,,,,,,,,
Jared Coreau,G,STL,0.0,,,,,,,,,,,,,,,,,,,,,,
Steven Whitney,RW,WSH,0.0,,,,,,,,,,,,,,,,,,,,,,
Curtis McKenzie,LW,DAL,0.0,,,,,,,,,,,,,,,,,,,,,,
Mike Condon,G,OTT,0.0,,,,,,,,,,,,,,,,,,,,,,
Mirco Mueller,D,NJ,0.0,,,,,,,,,,,,,,,,,,,,,,
Kerby Rychel,LW,CGY,0.0,,,,,,,,,,,,,,,,,,,,,,
Marko Dano,"C,LW",WPG,0.0,,,,,,,,,,,,,,,,,,,,,,
Morgan Klimchuk,LW,CGY,0.0,,,,,,,,,,,,,,,,,,,,,,
Anders Nilsson,G,OTT,0.0,,,,,,,,,,,,,,,,,,,,,,
Matt Donovan,D,NSH,0.0,,,,,,,,,,,,,,,,,,,,,,
Scott Darling,G,CAR,0.0,,,,,,,,,,,,,,,,,,,,,,
Cody McLeod,LW,NSH,0.0,,,,,,,,,,,,,,,,,,,,,,
Jeff Glass,G,CHI,0.0,,,,,,,,,,,,,,,,,,,,,,
Brandon Dubinsky,"C,LW",CBJ,0.0,,,,,,,,,,,,,,,,,,,,,,
Adam Cracknell,"C,RW",ANA,0.0,,,,,,,,,,,,,,,,,,,,,,
Mike Blunden,RW,OTT,0.0,,,,,,,,,,,,,,,,,,,,,,
Jonathan Ericsson,D,DET,0.0,,,,,,,,,,,,,,,,,,,,,,
Troy Brouwer,"LW,RW",STL,0.0,,,,,,,,,,,,,,,,,,,,,,
Cody Franson,D,CHI,0.0,,,,,,,,,,,,,,,,,,,,,,
Jonathan Toews,C,WPG,0.0,,,Goonsquad,Johnathan,21,165,150.4,0.86,,,,,,,,,,,,,,26.0
Bryan Little,"C,RW",ARI,0.0,,,,,,,,,,,,,,,,,,,,,,
Michael Grabner,"LW,RW",ARI,0.0,,,,,,,,,,,,,,,,,,,,,,
David Booth,"LW,RW",DET,0.0,,,,,,,,,,,,,,,,,,,,,,
Matt Moulson,"LW,RW",BUF,0.0,,,,,,,,,,,,,,,,,,,,,,
Andrew MacDonald,D,PHI,0.0,,,,,,,,,,,,,,,,,,,,,,
Jack Skille,RW,VAN,0.0,,,,,,,,,,,,,,,,,,,,,,
Cal O'Reilly,C,NSH,0.0,,,,,,,,,,,,,,,,,,,,,,
Tom Pyatt,"C,RW",OTT,0.0,,,,,,,,,,,,,,,,,,,,,,
Rich Clune,LW,TOR,0.0,,,,,,,,,,,,,,,,,,,,,,
Mark Letestu,C,WPG,0.0,,,,,,,,,,,,,,,,,,,,,,
Trevor Smith,C,NSH,0.0,,,,,,,,,,,,,,,,,,,,,,
Jamie McGinn,LW,FLA,0.0,,,,,,,,,,,,,,,,,,,,,,
Vladimir Sobotka,"C,RW",BUF,0.0,,,,,,,,,,,,,,,,,,,,,,
Michal Neuvirth,G,PHI,0.0,,,,,,,,,,,,,,,,,,,,,,
Karl Alzner,D,MTL,0.0,,,,,,,,,,,,,,,,,,,,,,
Jim O'Brien,C,OTT,0.0,,,,,,,,,,,,,,,,,,,,,,
Matt Hunwick,D,BUF,0.0,,,,,,,,,,,,,,,,,,,,,,
David Schlemko,D,MTL,0.0,,,,,,,,,,,,,,,,,,,,,,
Adam McQuaid,D,CBJ,0.0,,,,,,,,,,,,,,,,,,,,,,
Jimmy Howard,G,DET,0.0,,,,,,,,,,,,,,,,,,,,,,
Ben Bishop,G,BUF,0.0,,,Double Ogre Time,Jesse,24,189,138.3,0.93,,,,,,,,,,,,,,29.0
Dion Phaneuf,D,LA,0.0,,,,,,,,,,,,,,,,,,,,,,
Marian Gaborik,"LW,RW",LA,0.0,,,,,,,,,,,,,,,,,,,,,,
Jason Chimera,"LW,RW",NYI,0.0,,,,,,,,,,,,,,,,,,,,,,
Ron Hainsey,D,OTT,0.0,,,,,,,,,,,,,,,,,,,,,,
Henrik Lundqvist,G,NYR,0.0,,,,,,,183.7,0.08,,,,,,,,,,,,,,1.0
Dominic Moore,C,TOR,0.0,,,,,,,,,,,,,,,,,,,,,,
Ilya Kovalchuk,"LW,RW",WSH,0.0,,,,,,,,,,,,,,,,,,,,,,
Jason Pominville,RW,BUF,0.0,,,,,,,,,,,,,,,,,,,,,,
Kari Lehtonen,G,DAL,0.0,,,,,,,,,,,,,,,,,,,,,,
Jay Bouwmeester,D,STL,0.0,,,,,,,,,,,,,,,,,,,,,,
